,label,step,gaussian_node,categorical_node,input,index,metric_value,metric_name,input_raw,used_
0,IndustrialStrains0103_FC-16-4C4D-16_Unsupervised_Sampled_FCLog100_MSE_01,12,2,3,BL21,236,1.618349,Training_EuclideanDist-Mean,0,TRUE
1,IndustrialStrains0103_FC-16-4C4D-16_Unsupervised_Sampled_FCLog100_MSE_01,2,0,1,C,322,1.747967,Training_EuclideanDist-Mean,1,TRUE
2,IndustrialStrains0103_FC-16-4C4D-16_Unsupervised_Sampled_FCLog100_MSE_01,14,2,1,Crooks,622,1.469448,Training_EuclideanDist-Mean,2,TRUE
3,IndustrialStrains0103_FC-16-4C4D-16_Unsupervised_Sampled_FCLog100_MSE_01,2,0,1,DH5a,834,1.708112,Training_EuclideanDist-Mean,3,TRUE
4,IndustrialStrains0103_FC-16-4C4D-16_Unsupervised_Sampled_FCLog100_MSE_01,10,3,3,MG1655,1274,1.078096,Training_EuclideanDist-Mean,4,TRUE
5,IndustrialStrains0103_FC-16-4C4D-16_Unsupervised_Sampled_FCLog100_MSE_01,5,0,2,W,1413,1.176222,Training_EuclideanDist-Mean,5,TRUE
6,IndustrialStrains0103_FC-16-4C4D-16_Unsupervised_Sampled_FCLog100_MSE_01,11,2,2,W3110,1707,1.31559,Training_EuclideanDist-Mean,6,TRUE
7,IndustrialStrains0103_FC-16-4C4D-16_Unsupervised_Sampled_FCLog100_MSE_01,14,0,0,BL21,14,11.655142,Training_ManhattanDist-Mean,0,TRUE
8,IndustrialStrains0103_FC-16-4C4D-16_Unsupervised_Sampled_FCLog100_MSE_01,2,0,1,C,322,12.436736,Training_ManhattanDist-Mean,1,TRUE
9,IndustrialStrains0103_FC-16-4C4D-16_Unsupervised_Sampled_FCLog100_MSE_01,12,2,0,Crooks,556,10.617222,Training_ManhattanDist-Mean,2,TRUE
10,IndustrialStrains0103_FC-16-4C4D-16_Unsupervised_Sampled_FCLog100_MSE_01,4,0,3,DH5a,964,12.19221,Training_ManhattanDist-Mean,3,TRUE
11,IndustrialStrains0103_FC-16-4C4D-16_Unsupervised_Sampled_FCLog100_MSE_01,10,3,3,MG1655,1274,7.496123,Training_ManhattanDist-Mean,4,TRUE
12,IndustrialStrains0103_FC-16-4C4D-16_Unsupervised_Sampled_FCLog100_MSE_01,5,0,2,W,1413,8.631054,Training_ManhattanDist-Mean,5,TRUE
13,IndustrialStrains0103_FC-16-4C4D-16_Unsupervised_Sampled_FCLog100_MSE_01,8,2,1,W3110,1640,9.398776,Training_ManhattanDist-Mean,6,TRUE
14,IndustrialStrains0103_FC-16-4C4D-16_Unsupervised_Sampled_FCLog100_MSE_01,6,0,3,BL21,198,89.07537,Training_PercentDifference-Mean,0,TRUE
15,IndustrialStrains0103_FC-16-4C4D-16_Unsupervised_Sampled_FCLog100_MSE_01,7,0,3,C,455,90.69005,Training_PercentDifference-Mean,1,TRUE
16,IndustrialStrains0103_FC-16-4C4D-16_Unsupervised_Sampled_FCLog100_MSE_01,3,3,3,Crooks,755,88.2431,Training_PercentDifference-Mean,2,TRUE
17,IndustrialStrains0103_FC-16-4C4D-16_Unsupervised_Sampled_FCLog100_MSE_01,4,0,3,DH5a,964,92.00648,Training_PercentDifference-Mean,3,TRUE
18,IndustrialStrains0103_FC-16-4C4D-16_Unsupervised_Sampled_FCLog100_MSE_01,11,3,3,MG1655,1275,82.651405,Training_PercentDifference-Mean,4,TRUE
19,IndustrialStrains0103_FC-16-4C4D-16_Unsupervised_Sampled_FCLog100_MSE_01,8,2,0,W,1320,90.59764,Training_PercentDifference-Mean,5,TRUE
20,IndustrialStrains0103_FC-16-4C4D-16_Unsupervised_Sampled_FCLog100_MSE_01,5,0,3,W3110,1733,90.74805,Training_PercentDifference-Mean,6,TRUE
21,IndustrialStrains0103_FC-16-4C4D-16_Unsupervised_Sampled_FCLog100_MSE_01,12,2,3,BL21,236,1.71652,Validation_EuclideanDist-Mean,0,TRUE
22,IndustrialStrains0103_FC-16-4C4D-16_Unsupervised_Sampled_FCLog100_MSE_01,14,3,1,C,382,1.868053,Validation_EuclideanDist-Mean,1,TRUE
23,IndustrialStrains0103_FC-16-4C4D-16_Unsupervised_Sampled_FCLog100_MSE_01,13,2,0,Crooks,557,1.584279,Validation_EuclideanDist-Mean,2,TRUE
24,IndustrialStrains0103_FC-16-4C4D-16_Unsupervised_Sampled_FCLog100_MSE_01,6,0,1,DH5a,838,1.86851,Validation_EuclideanDist-Mean,3,TRUE
25,IndustrialStrains0103_FC-16-4C4D-16_Unsupervised_Sampled_FCLog100_MSE_01,10,0,3,MG1655,1226,1.132166,Validation_EuclideanDist-Mean,4,TRUE
26,IndustrialStrains0103_FC-16-4C4D-16_Unsupervised_Sampled_FCLog100_MSE_01,9,2,2,W,1449,1.434686,Validation_EuclideanDist-Mean,5,TRUE
27,IndustrialStrains0103_FC-16-4C4D-16_Unsupervised_Sampled_FCLog100_MSE_01,6,3,3,W3110,1782,1.884936,Validation_EuclideanDist-Mean,6,TRUE
28,IndustrialStrains0103_FC-16-4C4D-16_Unsupervised_Sampled_FCLog100_MSE_01,12,2,3,BL21,236,11.812666,Validation_ManhattanDist-Mean,0,TRUE
29,IndustrialStrains0103_FC-16-4C4D-16_Unsupervised_Sampled_FCLog100_MSE_01,14,3,1,C,382,12.445732,Validation_ManhattanDist-Mean,1,TRUE
30,IndustrialStrains0103_FC-16-4C4D-16_Unsupervised_Sampled_FCLog100_MSE_01,13,2,1,Crooks,621,10.938767,Validation_ManhattanDist-Mean,2,TRUE
31,IndustrialStrains0103_FC-16-4C4D-16_Unsupervised_Sampled_FCLog100_MSE_01,13,0,0,DH5a,781,12.673627,Validation_ManhattanDist-Mean,3,TRUE
32,IndustrialStrains0103_FC-16-4C4D-16_Unsupervised_Sampled_FCLog100_MSE_01,9,1,0,MG1655,1049,6.721245,Validation_ManhattanDist-Mean,4,TRUE
33,IndustrialStrains0103_FC-16-4C4D-16_Unsupervised_Sampled_FCLog100_MSE_01,9,2,2,W,1449,9.737715,Validation_ManhattanDist-Mean,5,TRUE
34,IndustrialStrains0103_FC-16-4C4D-16_Unsupervised_Sampled_FCLog100_MSE_01,6,3,3,W3110,1782,11.512527,Validation_ManhattanDist-Mean,6,TRUE
35,IndustrialStrains0103_FC-16-4C4D-16_Unsupervised_Sampled_FCLog100_MSE_01,6,1,3,BL21,214,89.86442,Validation_PercentDifference-Mean,0,TRUE
36,IndustrialStrains0103_FC-16-4C4D-16_Unsupervised_Sampled_FCLog100_MSE_01,5,2,3,C,485,92.90744,Validation_PercentDifference-Mean,1,TRUE
37,IndustrialStrains0103_FC-16-4C4D-16_Unsupervised_Sampled_FCLog100_MSE_01,3,3,3,Crooks,755,90.35036,Validation_PercentDifference-Mean,2,TRUE
38,IndustrialStrains0103_FC-16-4C4D-16_Unsupervised_Sampled_FCLog100_MSE_01,5,0,3,DH5a,965,91.84614,Validation_PercentDifference-Mean,3,TRUE
39,IndustrialStrains0103_FC-16-4C4D-16_Unsupervised_Sampled_FCLog100_MSE_01,5,2,3,MG1655,1253,79.953636,Validation_PercentDifference-Mean,4,TRUE
40,IndustrialStrains0103_FC-16-4C4D-16_Unsupervised_Sampled_FCLog100_MSE_01,5,3,3,W,1525,100.35599,Validation_PercentDifference-Mean,5,TRUE
41,IndustrialStrains0103_FC-16-4C4D-16_Unsupervised_Sampled_FCLog100_MSE_01,9,0,3,W3110,1737,93.813515,Validation_PercentDifference-Mean,6,TRUE
42,IndustrialStrains0103_FC-16-4C4D-16_Unsupervised_Sampled_FCLog10_MSE_01,15,2,3,BL21,239,2.748793,Training_EuclideanDist-Mean,0,TRUE
43,IndustrialStrains0103_FC-16-4C4D-16_Unsupervised_Sampled_FCLog10_MSE_01,15,1,3,C,479,3.222598,Training_EuclideanDist-Mean,1,TRUE
44,IndustrialStrains0103_FC-16-4C4D-16_Unsupervised_Sampled_FCLog10_MSE_01,14,2,3,Crooks,750,2.593239,Training_EuclideanDist-Mean,2,TRUE
45,IndustrialStrains0103_FC-16-4C4D-16_Unsupervised_Sampled_FCLog10_MSE_01,15,2,3,DH5a,1007,2.931948,Training_EuclideanDist-Mean,3,TRUE
46,IndustrialStrains0103_FC-16-4C4D-16_Unsupervised_Sampled_FCLog10_MSE_01,8,2,3,MG1655,1256,2.163803,Training_EuclideanDist-Mean,4,TRUE
47,IndustrialStrains0103_FC-16-4C4D-16_Unsupervised_Sampled_FCLog10_MSE_01,0,3,2,W,1456,2.326029,Training_EuclideanDist-Mean,5,TRUE
48,IndustrialStrains0103_FC-16-4C4D-16_Unsupervised_Sampled_FCLog10_MSE_01,15,1,1,W3110,1631,2.567883,Training_EuclideanDist-Mean,6,TRUE
49,IndustrialStrains0103_FC-16-4C4D-16_Unsupervised_Sampled_FCLog10_MSE_01,15,2,3,BL21,239,20.232143,Training_ManhattanDist-Mean,0,TRUE
50,IndustrialStrains0103_FC-16-4C4D-16_Unsupervised_Sampled_FCLog10_MSE_01,15,1,3,C,479,23.34518,Training_ManhattanDist-Mean,1,TRUE
51,IndustrialStrains0103_FC-16-4C4D-16_Unsupervised_Sampled_FCLog10_MSE_01,14,2,3,Crooks,750,19.242687,Training_ManhattanDist-Mean,2,TRUE
52,IndustrialStrains0103_FC-16-4C4D-16_Unsupervised_Sampled_FCLog10_MSE_01,15,2,1,DH5a,879,21.451927,Training_ManhattanDist-Mean,3,TRUE
53,IndustrialStrains0103_FC-16-4C4D-16_Unsupervised_Sampled_FCLog10_MSE_01,4,2,1,MG1655,1124,15.037086,Training_ManhattanDist-Mean,4,TRUE
54,IndustrialStrains0103_FC-16-4C4D-16_Unsupervised_Sampled_FCLog10_MSE_01,0,3,2,W,1456,17.093002,Training_ManhattanDist-Mean,5,TRUE
55,IndustrialStrains0103_FC-16-4C4D-16_Unsupervised_Sampled_FCLog10_MSE_01,7,1,1,W3110,1623,18.53978,Training_ManhattanDist-Mean,6,TRUE
56,IndustrialStrains0103_FC-16-4C4D-16_Unsupervised_Sampled_FCLog10_MSE_01,8,0,2,BL21,136,87.97691,Training_PercentDifference-Mean,0,TRUE
57,IndustrialStrains0103_FC-16-4C4D-16_Unsupervised_Sampled_FCLog10_MSE_01,6,1,2,C,406,88.285645,Training_PercentDifference-Mean,1,TRUE
58,IndustrialStrains0103_FC-16-4C4D-16_Unsupervised_Sampled_FCLog10_MSE_01,13,1,2,Crooks,669,87.89113,Training_PercentDifference-Mean,2,TRUE
59,IndustrialStrains0103_FC-16-4C4D-16_Unsupervised_Sampled_FCLog10_MSE_01,8,1,2,DH5a,920,88.57907,Training_PercentDifference-Mean,3,TRUE
60,IndustrialStrains0103_FC-16-4C4D-16_Unsupervised_Sampled_FCLog10_MSE_01,1,2,2,MG1655,1185,76.97417,Training_PercentDifference-Mean,4,TRUE
61,IndustrialStrains0103_FC-16-4C4D-16_Unsupervised_Sampled_FCLog10_MSE_01,6,1,2,W,1430,88.56195,Training_PercentDifference-Mean,5,TRUE
62,IndustrialStrains0103_FC-16-4C4D-16_Unsupervised_Sampled_FCLog10_MSE_01,8,3,2,W3110,1720,88.1741,Training_PercentDifference-Mean,6,TRUE
63,IndustrialStrains0103_FC-16-4C4D-16_Unsupervised_Sampled_FCLog10_MSE_01,15,2,1,BL21,111,3.07847,Validation_EuclideanDist-Mean,0,TRUE
64,IndustrialStrains0103_FC-16-4C4D-16_Unsupervised_Sampled_FCLog10_MSE_01,9,3,0,C,313,3.30405,Validation_EuclideanDist-Mean,1,TRUE
65,IndustrialStrains0103_FC-16-4C4D-16_Unsupervised_Sampled_FCLog10_MSE_01,15,2,1,Crooks,623,2.888635,Validation_EuclideanDist-Mean,2,TRUE
66,IndustrialStrains0103_FC-16-4C4D-16_Unsupervised_Sampled_FCLog10_MSE_01,14,2,1,DH5a,878,3.360398,Validation_EuclideanDist-Mean,3,TRUE
67,IndustrialStrains0103_FC-16-4C4D-16_Unsupervised_Sampled_FCLog10_MSE_01,5,2,0,MG1655,1061,2.237066,Validation_EuclideanDist-Mean,4,TRUE
68,IndustrialStrains0103_FC-16-4C4D-16_Unsupervised_Sampled_FCLog10_MSE_01,5,0,2,W,1413,2.750379,Validation_EuclideanDist-Mean,5,TRUE
69,IndustrialStrains0103_FC-16-4C4D-16_Unsupervised_Sampled_FCLog10_MSE_01,0,3,3,W3110,1776,3.159189,Validation_EuclideanDist-Mean,6,TRUE
70,IndustrialStrains0103_FC-16-4C4D-16_Unsupervised_Sampled_FCLog10_MSE_01,15,2,1,BL21,111,21.32894,Validation_ManhattanDist-Mean,0,TRUE
71,IndustrialStrains0103_FC-16-4C4D-16_Unsupervised_Sampled_FCLog10_MSE_01,14,1,3,C,478,23.540642,Validation_ManhattanDist-Mean,1,TRUE
72,IndustrialStrains0103_FC-16-4C4D-16_Unsupervised_Sampled_FCLog10_MSE_01,14,2,1,Crooks,622,20.688046,Validation_ManhattanDist-Mean,2,TRUE
73,IndustrialStrains0103_FC-16-4C4D-16_Unsupervised_Sampled_FCLog10_MSE_01,14,2,1,DH5a,878,23.418556,Validation_ManhattanDist-Mean,3,TRUE
74,IndustrialStrains0103_FC-16-4C4D-16_Unsupervised_Sampled_FCLog10_MSE_01,13,0,2,MG1655,1165,13.437092,Validation_ManhattanDist-Mean,4,TRUE
75,IndustrialStrains0103_FC-16-4C4D-16_Unsupervised_Sampled_FCLog10_MSE_01,5,0,2,W,1413,19.074675,Validation_ManhattanDist-Mean,5,TRUE
76,IndustrialStrains0103_FC-16-4C4D-16_Unsupervised_Sampled_FCLog10_MSE_01,8,3,3,W3110,1784,21.43827,Validation_ManhattanDist-Mean,6,TRUE
77,IndustrialStrains0103_FC-16-4C4D-16_Unsupervised_Sampled_FCLog10_MSE_01,6,0,2,BL21,134,87.827,Validation_PercentDifference-Mean,0,TRUE
78,IndustrialStrains0103_FC-16-4C4D-16_Unsupervised_Sampled_FCLog10_MSE_01,11,1,2,C,411,90.09473,Validation_PercentDifference-Mean,1,TRUE
79,IndustrialStrains0103_FC-16-4C4D-16_Unsupervised_Sampled_FCLog10_MSE_01,2,3,2,Crooks,690,89.431366,Validation_PercentDifference-Mean,2,TRUE
80,IndustrialStrains0103_FC-16-4C4D-16_Unsupervised_Sampled_FCLog10_MSE_01,9,1,2,DH5a,921,89.084114,Validation_PercentDifference-Mean,3,TRUE
81,IndustrialStrains0103_FC-16-4C4D-16_Unsupervised_Sampled_FCLog10_MSE_01,8,1,2,MG1655,1176,75.94163,Validation_PercentDifference-Mean,4,TRUE
82,IndustrialStrains0103_FC-16-4C4D-16_Unsupervised_Sampled_FCLog10_MSE_01,6,2,2,W,1446,92.707504,Validation_PercentDifference-Mean,5,TRUE
83,IndustrialStrains0103_FC-16-4C4D-16_Unsupervised_Sampled_FCLog10_MSE_01,4,3,2,W3110,1716,90.46088,Validation_PercentDifference-Mean,6,TRUE
84,IndustrialStrains0103_FC-16-4C4D-16_Unsupervised_Sampled_OffProj_MSE_01,9,0,0,BL21,9,0.244758,Training_EuclideanDist-Mean,0,TRUE
85,IndustrialStrains0103_FC-16-4C4D-16_Unsupervised_Sampled_OffProj_MSE_01,15,1,2,C,415,0.313541,Training_EuclideanDist-Mean,1,TRUE
86,IndustrialStrains0103_FC-16-4C4D-16_Unsupervised_Sampled_OffProj_MSE_01,8,0,0,Crooks,520,0.225397,Training_EuclideanDist-Mean,2,TRUE
87,IndustrialStrains0103_FC-16-4C4D-16_Unsupervised_Sampled_OffProj_MSE_01,8,0,0,DH5a,776,0.273099,Training_EuclideanDist-Mean,3,TRUE
88,IndustrialStrains0103_FC-16-4C4D-16_Unsupervised_Sampled_OffProj_MSE_01,8,0,0,MG1655,1032,0.288351,Training_EuclideanDist-Mean,4,TRUE
89,IndustrialStrains0103_FC-16-4C4D-16_Unsupervised_Sampled_OffProj_MSE_01,4,1,0,W,1300,0.243353,Training_EuclideanDist-Mean,5,TRUE
90,IndustrialStrains0103_FC-16-4C4D-16_Unsupervised_Sampled_OffProj_MSE_01,12,0,1,W3110,1612,0.457301,Training_EuclideanDist-Mean,6,TRUE
91,IndustrialStrains0103_FC-16-4C4D-16_Unsupervised_Sampled_OffProj_MSE_01,5,3,2,BL21,181,0.847415,Training_ManhattanDist-Mean,0,TRUE
92,IndustrialStrains0103_FC-16-4C4D-16_Unsupervised_Sampled_OffProj_MSE_01,6,3,1,C,374,0.984727,Training_ManhattanDist-Mean,1,TRUE
93,IndustrialStrains0103_FC-16-4C4D-16_Unsupervised_Sampled_OffProj_MSE_01,5,3,2,Crooks,693,0.793131,Training_ManhattanDist-Mean,2,TRUE
94,IndustrialStrains0103_FC-16-4C4D-16_Unsupervised_Sampled_OffProj_MSE_01,4,3,2,DH5a,948,0.878848,Training_ManhattanDist-Mean,3,TRUE
95,IndustrialStrains0103_FC-16-4C4D-16_Unsupervised_Sampled_OffProj_MSE_01,5,3,2,MG1655,1205,0.867772,Training_ManhattanDist-Mean,4,TRUE
96,IndustrialStrains0103_FC-16-4C4D-16_Unsupervised_Sampled_OffProj_MSE_01,5,3,2,W,1461,0.771538,Training_ManhattanDist-Mean,5,TRUE
97,IndustrialStrains0103_FC-16-4C4D-16_Unsupervised_Sampled_OffProj_MSE_01,4,3,2,W3110,1716,1.067092,Training_ManhattanDist-Mean,6,TRUE
98,IndustrialStrains0103_FC-16-4C4D-16_Unsupervised_Sampled_OffProj_MSE_01,11,0,3,BL21,203,44138.99,Training_PercentDifference-Mean,0,TRUE
99,IndustrialStrains0103_FC-16-4C4D-16_Unsupervised_Sampled_OffProj_MSE_01,5,2,0,C,293,11002.039,Training_PercentDifference-Mean,1,TRUE
100,IndustrialStrains0103_FC-16-4C4D-16_Unsupervised_Sampled_OffProj_MSE_01,5,2,0,Crooks,549,15235.731,Training_PercentDifference-Mean,2,TRUE
101,IndustrialStrains0103_FC-16-4C4D-16_Unsupervised_Sampled_OffProj_MSE_01,5,2,0,DH5a,805,15039.018,Training_PercentDifference-Mean,3,TRUE
102,IndustrialStrains0103_FC-16-4C4D-16_Unsupervised_Sampled_OffProj_MSE_01,4,0,0,MG1655,1028,19891.438,Training_PercentDifference-Mean,4,TRUE
103,IndustrialStrains0103_FC-16-4C4D-16_Unsupervised_Sampled_OffProj_MSE_01,4,0,0,W,1284,26141.168,Training_PercentDifference-Mean,5,TRUE
104,IndustrialStrains0103_FC-16-4C4D-16_Unsupervised_Sampled_OffProj_MSE_01,4,0,0,W3110,1540,21471.111,Training_PercentDifference-Mean,6,TRUE
105,IndustrialStrains0103_FC-16-4C4D-16_Unsupervised_Sampled_OffProj_MSE_01,9,0,0,BL21,9,0.236141,Validation_EuclideanDist-Mean,0,TRUE
106,IndustrialStrains0103_FC-16-4C4D-16_Unsupervised_Sampled_OffProj_MSE_01,8,0,0,C,264,0.255259,Validation_EuclideanDist-Mean,1,TRUE
107,IndustrialStrains0103_FC-16-4C4D-16_Unsupervised_Sampled_OffProj_MSE_01,9,0,0,Crooks,521,0.20559,Validation_EuclideanDist-Mean,2,TRUE
108,IndustrialStrains0103_FC-16-4C4D-16_Unsupervised_Sampled_OffProj_MSE_01,4,1,0,DH5a,788,0.222076,Validation_EuclideanDist-Mean,3,TRUE
109,IndustrialStrains0103_FC-16-4C4D-16_Unsupervised_Sampled_OffProj_MSE_01,11,2,0,MG1655,1067,0.215769,Validation_EuclideanDist-Mean,4,TRUE
110,IndustrialStrains0103_FC-16-4C4D-16_Unsupervised_Sampled_OffProj_MSE_01,2,3,0,W,1330,0.188979,Validation_EuclideanDist-Mean,5,TRUE
111,IndustrialStrains0103_FC-16-4C4D-16_Unsupervised_Sampled_OffProj_MSE_01,7,3,0,W3110,1591,0.253298,Validation_EuclideanDist-Mean,6,TRUE
112,IndustrialStrains0103_FC-16-4C4D-16_Unsupervised_Sampled_OffProj_MSE_01,5,3,2,BL21,181,0.959391,Validation_ManhattanDist-Mean,0,TRUE
113,IndustrialStrains0103_FC-16-4C4D-16_Unsupervised_Sampled_OffProj_MSE_01,4,3,2,C,436,1.059922,Validation_ManhattanDist-Mean,1,TRUE
114,IndustrialStrains0103_FC-16-4C4D-16_Unsupervised_Sampled_OffProj_MSE_01,5,3,2,Crooks,693,0.859299,Validation_ManhattanDist-Mean,2,TRUE
115,IndustrialStrains0103_FC-16-4C4D-16_Unsupervised_Sampled_OffProj_MSE_01,5,3,2,DH5a,949,0.962249,Validation_ManhattanDist-Mean,3,TRUE
116,IndustrialStrains0103_FC-16-4C4D-16_Unsupervised_Sampled_OffProj_MSE_01,5,3,2,MG1655,1205,0.863908,Validation_ManhattanDist-Mean,4,TRUE
117,IndustrialStrains0103_FC-16-4C4D-16_Unsupervised_Sampled_OffProj_MSE_01,5,3,2,W,1461,0.753303,Validation_ManhattanDist-Mean,5,TRUE
118,IndustrialStrains0103_FC-16-4C4D-16_Unsupervised_Sampled_OffProj_MSE_01,5,3,2,W3110,1717,0.902032,Validation_ManhattanDist-Mean,6,TRUE
119,IndustrialStrains0103_FC-16-4C4D-16_Unsupervised_Sampled_OffProj_MSE_01,2,1,0,BL21,18,4346.382,Validation_PercentDifference-Mean,0,TRUE
120,IndustrialStrains0103_FC-16-4C4D-16_Unsupervised_Sampled_OffProj_MSE_01,14,1,2,C,414,2961.808,Validation_PercentDifference-Mean,1,TRUE
121,IndustrialStrains0103_FC-16-4C4D-16_Unsupervised_Sampled_OffProj_MSE_01,4,3,2,Crooks,692,2496.6492,Validation_PercentDifference-Mean,2,TRUE
122,IndustrialStrains0103_FC-16-4C4D-16_Unsupervised_Sampled_OffProj_MSE_01,3,2,1,DH5a,867,13443.297,Validation_PercentDifference-Mean,3,TRUE
123,IndustrialStrains0103_FC-16-4C4D-16_Unsupervised_Sampled_OffProj_MSE_01,5,3,2,MG1655,1205,2196.7122,Validation_PercentDifference-Mean,4,TRUE
124,IndustrialStrains0103_FC-16-4C4D-16_Unsupervised_Sampled_OffProj_MSE_01,10,0,0,W,1290,8885.168,Validation_PercentDifference-Mean,5,TRUE
125,IndustrialStrains0103_FC-16-4C4D-16_Unsupervised_Sampled_OffProj_MSE_01,5,2,0,W3110,1573,8296.607,Validation_PercentDifference-Mean,6,TRUE
126,IndustrialStrains0103_FC-16-4C4D-16_Unsupervised_Sampled_FCLog100_MAPE_01,2,3,3,BL21,242,1.646043,Training_EuclideanDist-Mean,0,TRUE
127,IndustrialStrains0103_FC-16-4C4D-16_Unsupervised_Sampled_FCLog100_MAPE_01,3,1,2,C,403,1.818455,Training_EuclideanDist-Mean,1,TRUE
128,IndustrialStrains0103_FC-16-4C4D-16_Unsupervised_Sampled_FCLog100_MAPE_01,2,2,0,Crooks,546,1.534329,Training_EuclideanDist-Mean,2,TRUE
129,IndustrialStrains0103_FC-16-4C4D-16_Unsupervised_Sampled_FCLog100_MAPE_01,6,3,0,DH5a,822,1.741043,Training_EuclideanDist-Mean,3,TRUE
130,IndustrialStrains0103_FC-16-4C4D-16_Unsupervised_Sampled_FCLog100_MAPE_01,4,0,1,MG1655,1092,1.072109,Training_EuclideanDist-Mean,4,TRUE
131,IndustrialStrains0103_FC-16-4C4D-16_Unsupervised_Sampled_FCLog100_MAPE_01,9,2,3,W,1513,1.176403,Training_EuclideanDist-Mean,5,TRUE
132,IndustrialStrains0103_FC-16-4C4D-16_Unsupervised_Sampled_FCLog100_MAPE_01,3,3,1,W3110,1651,1.310929,Training_EuclideanDist-Mean,6,TRUE
133,IndustrialStrains0103_FC-16-4C4D-16_Unsupervised_Sampled_FCLog100_MAPE_01,2,3,3,BL21,242,11.884338,Training_ManhattanDist-Mean,0,TRUE
134,IndustrialStrains0103_FC-16-4C4D-16_Unsupervised_Sampled_FCLog100_MAPE_01,2,0,1,C,322,12.799604,Training_ManhattanDist-Mean,1,TRUE
135,IndustrialStrains0103_FC-16-4C4D-16_Unsupervised_Sampled_FCLog100_MAPE_01,2,2,0,Crooks,546,11.006413,Training_ManhattanDist-Mean,2,TRUE
136,IndustrialStrains0103_FC-16-4C4D-16_Unsupervised_Sampled_FCLog100_MAPE_01,13,0,0,DH5a,781,12.358059,Training_ManhattanDist-Mean,3,TRUE
137,IndustrialStrains0103_FC-16-4C4D-16_Unsupervised_Sampled_FCLog100_MAPE_01,4,0,1,MG1655,1092,7.384202,Training_ManhattanDist-Mean,4,TRUE
138,IndustrialStrains0103_FC-16-4C4D-16_Unsupervised_Sampled_FCLog100_MAPE_01,11,1,3,W,1499,8.638741,Training_ManhattanDist-Mean,5,TRUE
139,IndustrialStrains0103_FC-16-4C4D-16_Unsupervised_Sampled_FCLog100_MAPE_01,4,3,2,W3110,1716,9.397131,Training_ManhattanDist-Mean,6,TRUE
140,IndustrialStrains0103_FC-16-4C4D-16_Unsupervised_Sampled_FCLog100_MAPE_01,6,0,3,BL21,198,88.163864,Training_PercentDifference-Mean,0,TRUE
141,IndustrialStrains0103_FC-16-4C4D-16_Unsupervised_Sampled_FCLog100_MAPE_01,7,1,3,C,471,88.47962,Training_PercentDifference-Mean,1,TRUE
142,IndustrialStrains0103_FC-16-4C4D-16_Unsupervised_Sampled_FCLog100_MAPE_01,7,0,1,Crooks,583,88.502785,Training_PercentDifference-Mean,2,TRUE
143,IndustrialStrains0103_FC-16-4C4D-16_Unsupervised_Sampled_FCLog100_MAPE_01,5,3,2,DH5a,949,89.99228,Training_PercentDifference-Mean,3,TRUE
144,IndustrialStrains0103_FC-16-4C4D-16_Unsupervised_Sampled_FCLog100_MAPE_01,7,0,1,MG1655,1095,80.90526,Training_PercentDifference-Mean,4,TRUE
145,IndustrialStrains0103_FC-16-4C4D-16_Unsupervised_Sampled_FCLog100_MAPE_01,6,0,3,W,1478,89.35966,Training_PercentDifference-Mean,5,TRUE
146,IndustrialStrains0103_FC-16-4C4D-16_Unsupervised_Sampled_FCLog100_MAPE_01,4,0,1,W3110,1604,87.96719,Training_PercentDifference-Mean,6,TRUE
147,IndustrialStrains0103_FC-16-4C4D-16_Unsupervised_Sampled_FCLog100_MAPE_01,6,2,2,BL21,166,1.731494,Validation_EuclideanDist-Mean,0,TRUE
148,IndustrialStrains0103_FC-16-4C4D-16_Unsupervised_Sampled_FCLog100_MAPE_01,7,2,1,C,359,1.865485,Validation_EuclideanDist-Mean,1,TRUE
149,IndustrialStrains0103_FC-16-4C4D-16_Unsupervised_Sampled_FCLog100_MAPE_01,14,0,3,Crooks,718,1.618103,Validation_EuclideanDist-Mean,2,TRUE
150,IndustrialStrains0103_FC-16-4C4D-16_Unsupervised_Sampled_FCLog100_MAPE_01,10,1,0,DH5a,794,1.898489,Validation_EuclideanDist-Mean,3,TRUE
151,IndustrialStrains0103_FC-16-4C4D-16_Unsupervised_Sampled_FCLog100_MAPE_01,7,0,3,MG1655,1223,1.131992,Validation_EuclideanDist-Mean,4,TRUE
152,IndustrialStrains0103_FC-16-4C4D-16_Unsupervised_Sampled_FCLog100_MAPE_01,1,2,0,W,1313,1.454153,Validation_EuclideanDist-Mean,5,TRUE
153,IndustrialStrains0103_FC-16-4C4D-16_Unsupervised_Sampled_FCLog100_MAPE_01,2,2,3,W3110,1762,1.866071,Validation_EuclideanDist-Mean,6,TRUE
154,IndustrialStrains0103_FC-16-4C4D-16_Unsupervised_Sampled_FCLog100_MAPE_01,2,3,3,BL21,242,11.960401,Validation_ManhattanDist-Mean,0,TRUE
155,IndustrialStrains0103_FC-16-4C4D-16_Unsupervised_Sampled_FCLog100_MAPE_01,9,2,3,C,489,12.515951,Validation_ManhattanDist-Mean,1,TRUE
156,IndustrialStrains0103_FC-16-4C4D-16_Unsupervised_Sampled_FCLog100_MAPE_01,2,3,3,Crooks,754,11.038884,Validation_ManhattanDist-Mean,2,TRUE
157,IndustrialStrains0103_FC-16-4C4D-16_Unsupervised_Sampled_FCLog100_MAPE_01,10,1,0,DH5a,794,12.939211,Validation_ManhattanDist-Mean,3,TRUE
158,IndustrialStrains0103_FC-16-4C4D-16_Unsupervised_Sampled_FCLog100_MAPE_01,5,2,2,MG1655,1189,6.721148,Validation_ManhattanDist-Mean,4,TRUE
159,IndustrialStrains0103_FC-16-4C4D-16_Unsupervised_Sampled_FCLog100_MAPE_01,0,1,1,W,1360,9.711472,Validation_ManhattanDist-Mean,5,TRUE
160,IndustrialStrains0103_FC-16-4C4D-16_Unsupervised_Sampled_FCLog100_MAPE_01,2,2,3,W3110,1762,11.355341,Validation_ManhattanDist-Mean,6,TRUE
161,IndustrialStrains0103_FC-16-4C4D-16_Unsupervised_Sampled_FCLog100_MAPE_01,5,3,2,BL21,181,86.99939,Validation_PercentDifference-Mean,0,TRUE
162,IndustrialStrains0103_FC-16-4C4D-16_Unsupervised_Sampled_FCLog100_MAPE_01,3,1,1,C,339,89.83757,Validation_PercentDifference-Mean,1,TRUE
163,IndustrialStrains0103_FC-16-4C4D-16_Unsupervised_Sampled_FCLog100_MAPE_01,5,0,1,Crooks,581,88.35582,Validation_PercentDifference-Mean,2,TRUE
164,IndustrialStrains0103_FC-16-4C4D-16_Unsupervised_Sampled_FCLog100_MAPE_01,3,3,1,DH5a,883,89.056046,Validation_PercentDifference-Mean,3,TRUE
165,IndustrialStrains0103_FC-16-4C4D-16_Unsupervised_Sampled_FCLog100_MAPE_01,2,3,1,MG1655,1138,75.71318,Validation_PercentDifference-Mean,4,TRUE
166,IndustrialStrains0103_FC-16-4C4D-16_Unsupervised_Sampled_FCLog100_MAPE_01,6,0,3,W,1478,91.68617,Validation_PercentDifference-Mean,5,TRUE
167,IndustrialStrains0103_FC-16-4C4D-16_Unsupervised_Sampled_FCLog100_MAPE_01,6,1,3,W3110,1750,91.25497,Validation_PercentDifference-Mean,6,TRUE
168,IndustrialStrains0103_FC-16-4C4D-16_Unsupervised_Sampled_FCLog10_MAPE_01,5,0,2,BL21,133,3.23532,Training_EuclideanDist-Mean,0,TRUE
169,IndustrialStrains0103_FC-16-4C4D-16_Unsupervised_Sampled_FCLog10_MAPE_01,15,3,1,C,383,3.42764,Training_EuclideanDist-Mean,1,TRUE
170,IndustrialStrains0103_FC-16-4C4D-16_Unsupervised_Sampled_FCLog10_MAPE_01,15,1,2,Crooks,671,3.010706,Training_EuclideanDist-Mean,2,TRUE
171,IndustrialStrains0103_FC-16-4C4D-16_Unsupervised_Sampled_FCLog10_MAPE_01,1,2,1,DH5a,865,3.361352,Training_EuclideanDist-Mean,3,TRUE
172,IndustrialStrains0103_FC-16-4C4D-16_Unsupervised_Sampled_FCLog10_MAPE_01,14,2,2,MG1655,1198,2.156202,Training_EuclideanDist-Mean,4,TRUE
173,IndustrialStrains0103_FC-16-4C4D-16_Unsupervised_Sampled_FCLog10_MAPE_01,13,2,0,W,1325,2.358817,Training_EuclideanDist-Mean,5,TRUE
174,IndustrialStrains0103_FC-16-4C4D-16_Unsupervised_Sampled_FCLog10_MAPE_01,9,2,2,W3110,1705,2.603561,Training_EuclideanDist-Mean,6,TRUE
175,IndustrialStrains0103_FC-16-4C4D-16_Unsupervised_Sampled_FCLog10_MAPE_01,5,0,2,BL21,133,23.792107,Training_ManhattanDist-Mean,0,TRUE
176,IndustrialStrains0103_FC-16-4C4D-16_Unsupervised_Sampled_FCLog10_MAPE_01,9,0,2,C,393,25.040138,Training_ManhattanDist-Mean,1,TRUE
177,IndustrialStrains0103_FC-16-4C4D-16_Unsupervised_Sampled_FCLog10_MAPE_01,15,1,2,Crooks,671,22.014576,Training_ManhattanDist-Mean,2,TRUE
178,IndustrialStrains0103_FC-16-4C4D-16_Unsupervised_Sampled_FCLog10_MAPE_01,1,2,1,DH5a,865,24.311792,Training_ManhattanDist-Mean,3,TRUE
179,IndustrialStrains0103_FC-16-4C4D-16_Unsupervised_Sampled_FCLog10_MAPE_01,12,0,0,MG1655,1036,14.860455,Training_ManhattanDist-Mean,4,TRUE
180,IndustrialStrains0103_FC-16-4C4D-16_Unsupervised_Sampled_FCLog10_MAPE_01,13,2,0,W,1325,17.260973,Training_ManhattanDist-Mean,5,TRUE
181,IndustrialStrains0103_FC-16-4C4D-16_Unsupervised_Sampled_FCLog10_MAPE_01,6,3,1,W3110,1654,18.723007,Training_ManhattanDist-Mean,6,TRUE
182,IndustrialStrains0103_FC-16-4C4D-16_Unsupervised_Sampled_FCLog10_MAPE_01,6,1,2,BL21,150,87.29912,Training_PercentDifference-Mean,0,TRUE
183,IndustrialStrains0103_FC-16-4C4D-16_Unsupervised_Sampled_FCLog10_MAPE_01,8,3,2,C,440,86.90647,Training_PercentDifference-Mean,1,TRUE
184,IndustrialStrains0103_FC-16-4C4D-16_Unsupervised_Sampled_FCLog10_MAPE_01,1,3,2,Crooks,689,87.17008,Training_PercentDifference-Mean,2,TRUE
185,IndustrialStrains0103_FC-16-4C4D-16_Unsupervised_Sampled_FCLog10_MAPE_01,5,3,0,DH5a,821,87.9037,Training_PercentDifference-Mean,3,TRUE
186,IndustrialStrains0103_FC-16-4C4D-16_Unsupervised_Sampled_FCLog10_MAPE_01,3,3,1,MG1655,1139,76.31171,Training_PercentDifference-Mean,4,TRUE
187,IndustrialStrains0103_FC-16-4C4D-16_Unsupervised_Sampled_FCLog10_MAPE_01,1,3,0,W,1329,87.55876,Training_PercentDifference-Mean,5,TRUE
188,IndustrialStrains0103_FC-16-4C4D-16_Unsupervised_Sampled_FCLog10_MAPE_01,8,1,2,W3110,1688,87.673874,Training_PercentDifference-Mean,6,TRUE
189,IndustrialStrains0103_FC-16-4C4D-16_Unsupervised_Sampled_FCLog10_MAPE_01,0,2,0,BL21,32,3.29911,Validation_EuclideanDist-Mean,0,TRUE
190,IndustrialStrains0103_FC-16-4C4D-16_Unsupervised_Sampled_FCLog10_MAPE_01,4,0,3,C,452,3.423346,Validation_EuclideanDist-Mean,1,TRUE
191,IndustrialStrains0103_FC-16-4C4D-16_Unsupervised_Sampled_FCLog10_MAPE_01,15,1,2,Crooks,671,3.13029,Validation_EuclideanDist-Mean,2,TRUE
192,IndustrialStrains0103_FC-16-4C4D-16_Unsupervised_Sampled_FCLog10_MAPE_01,0,2,0,DH5a,800,3.544072,Validation_EuclideanDist-Mean,3,TRUE
193,IndustrialStrains0103_FC-16-4C4D-16_Unsupervised_Sampled_FCLog10_MAPE_01,10,0,2,MG1655,1162,2.205882,Validation_EuclideanDist-Mean,4,TRUE
194,IndustrialStrains0103_FC-16-4C4D-16_Unsupervised_Sampled_FCLog10_MAPE_01,15,0,0,W,1295,2.759317,Validation_EuclideanDist-Mean,5,TRUE
195,IndustrialStrains0103_FC-16-4C4D-16_Unsupervised_Sampled_FCLog10_MAPE_01,8,0,1,W3110,1608,3.199087,Validation_EuclideanDist-Mean,6,TRUE
196,IndustrialStrains0103_FC-16-4C4D-16_Unsupervised_Sampled_FCLog10_MAPE_01,12,1,2,BL21,156,23.696968,Validation_ManhattanDist-Mean,0,TRUE
197,IndustrialStrains0103_FC-16-4C4D-16_Unsupervised_Sampled_FCLog10_MAPE_01,4,2,3,C,484,24.013395,Validation_ManhattanDist-Mean,1,TRUE
198,IndustrialStrains0103_FC-16-4C4D-16_Unsupervised_Sampled_FCLog10_MAPE_01,15,1,2,Crooks,671,21.73993,Validation_ManhattanDist-Mean,2,TRUE
199,IndustrialStrains0103_FC-16-4C4D-16_Unsupervised_Sampled_FCLog10_MAPE_01,12,3,1,DH5a,892,25.014885,Validation_ManhattanDist-Mean,3,TRUE
200,IndustrialStrains0103_FC-16-4C4D-16_Unsupervised_Sampled_FCLog10_MAPE_01,10,0,2,MG1655,1162,13.108488,Validation_ManhattanDist-Mean,4,TRUE
201,IndustrialStrains0103_FC-16-4C4D-16_Unsupervised_Sampled_FCLog10_MAPE_01,15,0,0,W,1295,18.962603,Validation_ManhattanDist-Mean,5,TRUE
202,IndustrialStrains0103_FC-16-4C4D-16_Unsupervised_Sampled_FCLog10_MAPE_01,8,0,1,W3110,1608,21.465034,Validation_ManhattanDist-Mean,6,TRUE
203,IndustrialStrains0103_FC-16-4C4D-16_Unsupervised_Sampled_FCLog10_MAPE_01,11,1,1,BL21,91,87.71069,Validation_PercentDifference-Mean,0,TRUE
204,IndustrialStrains0103_FC-16-4C4D-16_Unsupervised_Sampled_FCLog10_MAPE_01,6,3,0,C,310,88.540115,Validation_PercentDifference-Mean,1,TRUE
205,IndustrialStrains0103_FC-16-4C4D-16_Unsupervised_Sampled_FCLog10_MAPE_01,9,0,0,Crooks,521,87.939064,Validation_PercentDifference-Mean,2,TRUE
206,IndustrialStrains0103_FC-16-4C4D-16_Unsupervised_Sampled_FCLog10_MAPE_01,4,0,2,DH5a,900,87.63455,Validation_PercentDifference-Mean,3,TRUE
207,IndustrialStrains0103_FC-16-4C4D-16_Unsupervised_Sampled_FCLog10_MAPE_01,8,3,2,MG1655,1208,73.3961,Validation_PercentDifference-Mean,4,TRUE
208,IndustrialStrains0103_FC-16-4C4D-16_Unsupervised_Sampled_FCLog10_MAPE_01,3,3,0,W,1331,89.313896,Validation_PercentDifference-Mean,5,TRUE
209,IndustrialStrains0103_FC-16-4C4D-16_Unsupervised_Sampled_FCLog10_MAPE_01,4,3,0,W3110,1588,88.782585,Validation_PercentDifference-Mean,6,TRUE
210,IndustrialStrains0103_FC-16-4C4D-16_Unsupervised_Sampled_OffProj_MAPE_01,10,0,2,BL21,138,0.224955,Training_EuclideanDist-Mean,0,TRUE
211,IndustrialStrains0103_FC-16-4C4D-16_Unsupervised_Sampled_OffProj_MAPE_01,11,1,1,C,347,0.288998,Training_EuclideanDist-Mean,1,TRUE
212,IndustrialStrains0103_FC-16-4C4D-16_Unsupervised_Sampled_OffProj_MAPE_01,12,0,1,Crooks,588,0.204393,Training_EuclideanDist-Mean,2,TRUE
213,IndustrialStrains0103_FC-16-4C4D-16_Unsupervised_Sampled_OffProj_MAPE_01,10,0,2,DH5a,906,0.252176,Training_EuclideanDist-Mean,3,TRUE
214,IndustrialStrains0103_FC-16-4C4D-16_Unsupervised_Sampled_OffProj_MAPE_01,11,1,1,MG1655,1115,0.27363,Training_EuclideanDist-Mean,4,TRUE
215,IndustrialStrains0103_FC-16-4C4D-16_Unsupervised_Sampled_OffProj_MAPE_01,10,0,2,W,1418,0.225505,Training_EuclideanDist-Mean,5,TRUE
216,IndustrialStrains0103_FC-16-4C4D-16_Unsupervised_Sampled_OffProj_MAPE_01,10,1,2,W3110,1690,0.446959,Training_EuclideanDist-Mean,6,TRUE
217,IndustrialStrains0103_FC-16-4C4D-16_Unsupervised_Sampled_OffProj_MAPE_01,7,1,3,BL21,215,0.809873,Training_ManhattanDist-Mean,0,TRUE
218,IndustrialStrains0103_FC-16-4C4D-16_Unsupervised_Sampled_OffProj_MAPE_01,10,3,3,C,506,0.965908,Training_ManhattanDist-Mean,1,TRUE
219,IndustrialStrains0103_FC-16-4C4D-16_Unsupervised_Sampled_OffProj_MAPE_01,11,3,3,Crooks,763,0.763346,Training_ManhattanDist-Mean,2,TRUE
220,IndustrialStrains0103_FC-16-4C4D-16_Unsupervised_Sampled_OffProj_MAPE_01,10,0,1,DH5a,842,0.83614,Training_ManhattanDist-Mean,3,TRUE
221,IndustrialStrains0103_FC-16-4C4D-16_Unsupervised_Sampled_OffProj_MAPE_01,10,2,2,MG1655,1194,0.822391,Training_ManhattanDist-Mean,4,TRUE
222,IndustrialStrains0103_FC-16-4C4D-16_Unsupervised_Sampled_OffProj_MAPE_01,7,1,3,W,1495,0.738094,Training_ManhattanDist-Mean,5,TRUE
223,IndustrialStrains0103_FC-16-4C4D-16_Unsupervised_Sampled_OffProj_MAPE_01,10,2,2,W3110,1706,1.029684,Training_ManhattanDist-Mean,6,TRUE
224,IndustrialStrains0103_FC-16-4C4D-16_Unsupervised_Sampled_OffProj_MAPE_01,13,3,1,BL21,125,15811.362,Training_PercentDifference-Mean,0,TRUE
225,IndustrialStrains0103_FC-16-4C4D-16_Unsupervised_Sampled_OffProj_MAPE_01,6,2,3,C,486,5819.749,Training_PercentDifference-Mean,1,TRUE
226,IndustrialStrains0103_FC-16-4C4D-16_Unsupervised_Sampled_OffProj_MAPE_01,6,2,3,Crooks,742,9194.199,Training_PercentDifference-Mean,2,TRUE
227,IndustrialStrains0103_FC-16-4C4D-16_Unsupervised_Sampled_OffProj_MAPE_01,6,2,3,DH5a,998,5570.208,Training_PercentDifference-Mean,3,TRUE
228,IndustrialStrains0103_FC-16-4C4D-16_Unsupervised_Sampled_OffProj_MAPE_01,6,2,3,MG1655,1254,14186.055,Training_PercentDifference-Mean,4,TRUE
229,IndustrialStrains0103_FC-16-4C4D-16_Unsupervised_Sampled_OffProj_MAPE_01,6,2,3,W,1510,30996.727,Training_PercentDifference-Mean,5,TRUE
230,IndustrialStrains0103_FC-16-4C4D-16_Unsupervised_Sampled_OffProj_MAPE_01,6,2,3,W3110,1766,27665.87,Training_PercentDifference-Mean,6,TRUE
231,IndustrialStrains0103_FC-16-4C4D-16_Unsupervised_Sampled_OffProj_MAPE_01,10,3,2,BL21,186,0.220817,Validation_EuclideanDist-Mean,0,TRUE
232,IndustrialStrains0103_FC-16-4C4D-16_Unsupervised_Sampled_OffProj_MAPE_01,10,0,2,C,394,0.245292,Validation_EuclideanDist-Mean,1,TRUE
233,IndustrialStrains0103_FC-16-4C4D-16_Unsupervised_Sampled_OffProj_MAPE_01,12,0,1,Crooks,588,0.193417,Validation_EuclideanDist-Mean,2,TRUE
234,IndustrialStrains0103_FC-16-4C4D-16_Unsupervised_Sampled_OffProj_MAPE_01,10,3,2,DH5a,954,0.212434,Validation_EuclideanDist-Mean,3,TRUE
235,IndustrialStrains0103_FC-16-4C4D-16_Unsupervised_Sampled_OffProj_MAPE_01,9,3,2,MG1655,1209,0.199817,Validation_EuclideanDist-Mean,4,TRUE
236,IndustrialStrains0103_FC-16-4C4D-16_Unsupervised_Sampled_OffProj_MAPE_01,9,0,2,W,1417,0.182539,Validation_EuclideanDist-Mean,5,TRUE
237,IndustrialStrains0103_FC-16-4C4D-16_Unsupervised_Sampled_OffProj_MAPE_01,11,3,2,W3110,1723,0.233283,Validation_EuclideanDist-Mean,6,TRUE
238,IndustrialStrains0103_FC-16-4C4D-16_Unsupervised_Sampled_OffProj_MAPE_01,10,2,2,BL21,170,0.945838,Validation_ManhattanDist-Mean,0,TRUE
239,IndustrialStrains0103_FC-16-4C4D-16_Unsupervised_Sampled_OffProj_MAPE_01,12,3,3,C,508,1.053423,Validation_ManhattanDist-Mean,1,TRUE
240,IndustrialStrains0103_FC-16-4C4D-16_Unsupervised_Sampled_OffProj_MAPE_01,10,2,2,Crooks,682,0.830885,Validation_ManhattanDist-Mean,2,TRUE
241,IndustrialStrains0103_FC-16-4C4D-16_Unsupervised_Sampled_OffProj_MAPE_01,11,2,2,DH5a,939,0.943949,Validation_ManhattanDist-Mean,3,TRUE
242,IndustrialStrains0103_FC-16-4C4D-16_Unsupervised_Sampled_OffProj_MAPE_01,10,3,3,MG1655,1274,0.860953,Validation_ManhattanDist-Mean,4,TRUE
243,IndustrialStrains0103_FC-16-4C4D-16_Unsupervised_Sampled_OffProj_MAPE_01,12,3,3,W,1532,0.732909,Validation_ManhattanDist-Mean,5,TRUE
244,IndustrialStrains0103_FC-16-4C4D-16_Unsupervised_Sampled_OffProj_MAPE_01,10,3,3,W3110,1786,0.889659,Validation_ManhattanDist-Mean,6,TRUE
245,IndustrialStrains0103_FC-16-4C4D-16_Unsupervised_Sampled_OffProj_MAPE_01,6,2,3,BL21,230,1807.7708,Validation_PercentDifference-Mean,0,TRUE
246,IndustrialStrains0103_FC-16-4C4D-16_Unsupervised_Sampled_OffProj_MAPE_01,11,2,1,C,363,2224.5898,Validation_PercentDifference-Mean,1,TRUE
247,IndustrialStrains0103_FC-16-4C4D-16_Unsupervised_Sampled_OffProj_MAPE_01,10,3,3,Crooks,762,1341.876,Validation_PercentDifference-Mean,2,TRUE
248,IndustrialStrains0103_FC-16-4C4D-16_Unsupervised_Sampled_OffProj_MAPE_01,6,2,3,DH5a,998,6233.5547,Validation_PercentDifference-Mean,3,TRUE
249,IndustrialStrains0103_FC-16-4C4D-16_Unsupervised_Sampled_OffProj_MAPE_01,11,3,3,MG1655,1275,1137.8553,Validation_PercentDifference-Mean,4,TRUE
250,IndustrialStrains0103_FC-16-4C4D-16_Unsupervised_Sampled_OffProj_MAPE_01,6,2,3,W,1510,3244.0908,Validation_PercentDifference-Mean,5,TRUE
251,IndustrialStrains0103_FC-16-4C4D-16_Unsupervised_Sampled_OffProj_MAPE_01,6,2,3,W3110,1766,2855.1548,Validation_PercentDifference-Mean,6,TRUE
252,IndustrialStrains0103_FC-16-4C4D-16_Unsupervised_Sampled_FCLog100_MSE_02,15,1,3,BL21,223,1.633182,Training_EuclideanDist-Mean,0,TRUE
253,IndustrialStrains0103_FC-16-4C4D-16_Unsupervised_Sampled_FCLog100_MSE_02,2,1,1,C,338,1.770373,Training_EuclideanDist-Mean,1,TRUE
254,IndustrialStrains0103_FC-16-4C4D-16_Unsupervised_Sampled_FCLog100_MSE_02,15,2,3,Crooks,751,1.503182,Training_EuclideanDist-Mean,2,TRUE
255,IndustrialStrains0103_FC-16-4C4D-16_Unsupervised_Sampled_FCLog100_MSE_02,15,2,3,DH5a,1007,1.719693,Training_EuclideanDist-Mean,3,TRUE
256,IndustrialStrains0103_FC-16-4C4D-16_Unsupervised_Sampled_FCLog100_MSE_02,10,1,2,MG1655,1178,1.069763,Training_EuclideanDist-Mean,4,TRUE
257,IndustrialStrains0103_FC-16-4C4D-16_Unsupervised_Sampled_FCLog100_MSE_02,5,1,2,W,1429,1.184471,Training_EuclideanDist-Mean,5,TRUE
258,IndustrialStrains0103_FC-16-4C4D-16_Unsupervised_Sampled_FCLog100_MSE_02,12,3,3,W3110,1788,1.299056,Training_EuclideanDist-Mean,6,TRUE
259,IndustrialStrains0103_FC-16-4C4D-16_Unsupervised_Sampled_FCLog100_MSE_02,15,1,3,BL21,223,11.691845,Training_ManhattanDist-Mean,0,TRUE
260,IndustrialStrains0103_FC-16-4C4D-16_Unsupervised_Sampled_FCLog100_MSE_02,2,1,1,C,338,12.638475,Training_ManhattanDist-Mean,1,TRUE
261,IndustrialStrains0103_FC-16-4C4D-16_Unsupervised_Sampled_FCLog100_MSE_02,15,1,3,Crooks,735,10.933843,Training_ManhattanDist-Mean,2,TRUE
262,IndustrialStrains0103_FC-16-4C4D-16_Unsupervised_Sampled_FCLog100_MSE_02,15,2,3,DH5a,1007,12.223009,Training_ManhattanDist-Mean,3,TRUE
263,IndustrialStrains0103_FC-16-4C4D-16_Unsupervised_Sampled_FCLog100_MSE_02,11,2,0,MG1655,1067,7.474105,Training_ManhattanDist-Mean,4,TRUE
264,IndustrialStrains0103_FC-16-4C4D-16_Unsupervised_Sampled_FCLog100_MSE_02,5,1,2,W,1429,8.712593,Training_ManhattanDist-Mean,5,TRUE
265,IndustrialStrains0103_FC-16-4C4D-16_Unsupervised_Sampled_FCLog100_MSE_02,13,0,0,W3110,1549,9.360519,Training_ManhattanDist-Mean,6,TRUE
266,IndustrialStrains0103_FC-16-4C4D-16_Unsupervised_Sampled_FCLog100_MSE_02,4,3,3,BL21,244,94.10409,Training_PercentDifference-Mean,0,TRUE
267,IndustrialStrains0103_FC-16-4C4D-16_Unsupervised_Sampled_FCLog100_MSE_02,4,1,3,C,468,92.12624,Training_PercentDifference-Mean,1,TRUE
268,IndustrialStrains0103_FC-16-4C4D-16_Unsupervised_Sampled_FCLog100_MSE_02,10,2,1,Crooks,618,90.52191,Training_PercentDifference-Mean,2,TRUE
269,IndustrialStrains0103_FC-16-4C4D-16_Unsupervised_Sampled_FCLog100_MSE_02,13,2,0,DH5a,813,97.14999,Training_PercentDifference-Mean,3,TRUE
270,IndustrialStrains0103_FC-16-4C4D-16_Unsupervised_Sampled_FCLog100_MSE_02,7,2,0,MG1655,1063,90.979034,Training_PercentDifference-Mean,4,TRUE
271,IndustrialStrains0103_FC-16-4C4D-16_Unsupervised_Sampled_FCLog100_MSE_02,10,2,2,W,1450,93.39397,Training_PercentDifference-Mean,5,TRUE
272,IndustrialStrains0103_FC-16-4C4D-16_Unsupervised_Sampled_FCLog100_MSE_02,8,3,3,W3110,1784,92.66824,Training_PercentDifference-Mean,6,TRUE
273,IndustrialStrains0103_FC-16-4C4D-16_Unsupervised_Sampled_FCLog100_MSE_02,15,2,3,BL21,239,1.70463,Validation_EuclideanDist-Mean,0,TRUE
274,IndustrialStrains0103_FC-16-4C4D-16_Unsupervised_Sampled_FCLog100_MSE_02,13,3,3,C,509,1.829596,Validation_EuclideanDist-Mean,1,TRUE
275,IndustrialStrains0103_FC-16-4C4D-16_Unsupervised_Sampled_FCLog100_MSE_02,15,1,3,Crooks,735,1.600022,Validation_EuclideanDist-Mean,2,TRUE
276,IndustrialStrains0103_FC-16-4C4D-16_Unsupervised_Sampled_FCLog100_MSE_02,15,2,3,DH5a,1007,1.830588,Validation_EuclideanDist-Mean,3,TRUE
277,IndustrialStrains0103_FC-16-4C4D-16_Unsupervised_Sampled_FCLog100_MSE_02,6,0,3,MG1655,1222,1.120783,Validation_EuclideanDist-Mean,4,TRUE
278,IndustrialStrains0103_FC-16-4C4D-16_Unsupervised_Sampled_FCLog100_MSE_02,15,0,1,W,1359,1.453401,Validation_EuclideanDist-Mean,5,TRUE
279,IndustrialStrains0103_FC-16-4C4D-16_Unsupervised_Sampled_FCLog100_MSE_02,3,1,0,W3110,1555,1.878192,Validation_EuclideanDist-Mean,6,TRUE
280,IndustrialStrains0103_FC-16-4C4D-16_Unsupervised_Sampled_FCLog100_MSE_02,15,2,3,BL21,239,11.789325,Validation_ManhattanDist-Mean,0,TRUE
281,IndustrialStrains0103_FC-16-4C4D-16_Unsupervised_Sampled_FCLog100_MSE_02,13,3,1,C,381,12.419702,Validation_ManhattanDist-Mean,1,TRUE
282,IndustrialStrains0103_FC-16-4C4D-16_Unsupervised_Sampled_FCLog100_MSE_02,15,1,3,Crooks,735,10.946772,Validation_ManhattanDist-Mean,2,TRUE
283,IndustrialStrains0103_FC-16-4C4D-16_Unsupervised_Sampled_FCLog100_MSE_02,1,3,0,DH5a,817,12.698696,Validation_ManhattanDist-Mean,3,TRUE
284,IndustrialStrains0103_FC-16-4C4D-16_Unsupervised_Sampled_FCLog100_MSE_02,6,0,3,MG1655,1222,6.724808,Validation_ManhattanDist-Mean,4,TRUE
285,IndustrialStrains0103_FC-16-4C4D-16_Unsupervised_Sampled_FCLog100_MSE_02,5,0,2,W,1413,9.772756,Validation_ManhattanDist-Mean,5,TRUE
286,IndustrialStrains0103_FC-16-4C4D-16_Unsupervised_Sampled_FCLog100_MSE_02,3,1,0,W3110,1555,11.386161,Validation_ManhattanDist-Mean,6,TRUE
287,IndustrialStrains0103_FC-16-4C4D-16_Unsupervised_Sampled_FCLog100_MSE_02,4,1,3,BL21,212,92.64844,Validation_PercentDifference-Mean,0,TRUE
288,IndustrialStrains0103_FC-16-4C4D-16_Unsupervised_Sampled_FCLog100_MSE_02,8,3,0,C,312,94.84143,Validation_PercentDifference-Mean,1,TRUE
289,IndustrialStrains0103_FC-16-4C4D-16_Unsupervised_Sampled_FCLog100_MSE_02,7,3,1,Crooks,631,95.47184,Validation_PercentDifference-Mean,2,TRUE
290,IndustrialStrains0103_FC-16-4C4D-16_Unsupervised_Sampled_FCLog100_MSE_02,13,2,0,DH5a,813,94.97763,Validation_PercentDifference-Mean,3,TRUE
291,IndustrialStrains0103_FC-16-4C4D-16_Unsupervised_Sampled_FCLog100_MSE_02,5,3,0,MG1655,1077,91.07687,Validation_PercentDifference-Mean,4,TRUE
292,IndustrialStrains0103_FC-16-4C4D-16_Unsupervised_Sampled_FCLog100_MSE_02,8,0,3,W,1480,96.86342,Validation_PercentDifference-Mean,5,TRUE
293,IndustrialStrains0103_FC-16-4C4D-16_Unsupervised_Sampled_FCLog100_MSE_02,4,0,1,W3110,1604,101.3831,Validation_PercentDifference-Mean,6,TRUE
294,IndustrialStrains0103_FC-16-4C4D-16_Unsupervised_Sampled_FCLog10_MSE_02,0,1,0,BL21,16,2.817797,Training_EuclideanDist-Mean,0,TRUE
295,IndustrialStrains0103_FC-16-4C4D-16_Unsupervised_Sampled_FCLog10_MSE_02,0,1,0,C,272,3.146447,Training_EuclideanDist-Mean,1,TRUE
296,IndustrialStrains0103_FC-16-4C4D-16_Unsupervised_Sampled_FCLog10_MSE_02,0,1,3,Crooks,720,2.705523,Training_EuclideanDist-Mean,2,TRUE
297,IndustrialStrains0103_FC-16-4C4D-16_Unsupervised_Sampled_FCLog10_MSE_02,0,1,0,DH5a,784,3.061499,Training_EuclideanDist-Mean,3,TRUE
298,IndustrialStrains0103_FC-16-4C4D-16_Unsupervised_Sampled_FCLog10_MSE_02,4,2,1,MG1655,1124,2.162362,Training_EuclideanDist-Mean,4,TRUE
299,IndustrialStrains0103_FC-16-4C4D-16_Unsupervised_Sampled_FCLog10_MSE_02,10,0,1,W,1354,2.354517,Training_EuclideanDist-Mean,5,TRUE
300,IndustrialStrains0103_FC-16-4C4D-16_Unsupervised_Sampled_FCLog10_MSE_02,14,1,0,W3110,1566,2.560379,Training_EuclideanDist-Mean,6,TRUE
301,IndustrialStrains0103_FC-16-4C4D-16_Unsupervised_Sampled_FCLog10_MSE_02,0,1,0,BL21,16,20.905293,Training_ManhattanDist-Mean,0,TRUE
302,IndustrialStrains0103_FC-16-4C4D-16_Unsupervised_Sampled_FCLog10_MSE_02,0,1,0,C,272,23.208126,Training_ManhattanDist-Mean,1,TRUE
303,IndustrialStrains0103_FC-16-4C4D-16_Unsupervised_Sampled_FCLog10_MSE_02,0,1,0,Crooks,528,19.980635,Training_ManhattanDist-Mean,2,TRUE
304,IndustrialStrains0103_FC-16-4C4D-16_Unsupervised_Sampled_FCLog10_MSE_02,0,1,0,DH5a,784,22.485035,Training_ManhattanDist-Mean,3,TRUE
305,IndustrialStrains0103_FC-16-4C4D-16_Unsupervised_Sampled_FCLog10_MSE_02,11,3,2,MG1655,1211,15.023181,Training_ManhattanDist-Mean,4,TRUE
306,IndustrialStrains0103_FC-16-4C4D-16_Unsupervised_Sampled_FCLog10_MSE_02,9,3,3,W,1529,17.203518,Training_ManhattanDist-Mean,5,TRUE
307,IndustrialStrains0103_FC-16-4C4D-16_Unsupervised_Sampled_FCLog10_MSE_02,4,3,1,W3110,1652,18.488247,Training_ManhattanDist-Mean,6,TRUE
308,IndustrialStrains0103_FC-16-4C4D-16_Unsupervised_Sampled_FCLog10_MSE_02,10,3,2,BL21,186,88.327515,Training_PercentDifference-Mean,0,TRUE
309,IndustrialStrains0103_FC-16-4C4D-16_Unsupervised_Sampled_FCLog10_MSE_02,11,3,3,C,507,88.49597,Training_PercentDifference-Mean,1,TRUE
310,IndustrialStrains0103_FC-16-4C4D-16_Unsupervised_Sampled_FCLog10_MSE_02,10,3,2,Crooks,698,87.84337,Training_PercentDifference-Mean,2,TRUE
311,IndustrialStrains0103_FC-16-4C4D-16_Unsupervised_Sampled_FCLog10_MSE_02,10,1,2,DH5a,922,89.265495,Training_PercentDifference-Mean,3,TRUE
312,IndustrialStrains0103_FC-16-4C4D-16_Unsupervised_Sampled_FCLog10_MSE_02,10,3,2,MG1655,1210,78.25427,Training_PercentDifference-Mean,4,TRUE
313,IndustrialStrains0103_FC-16-4C4D-16_Unsupervised_Sampled_FCLog10_MSE_02,10,1,2,W,1434,87.88826,Training_PercentDifference-Mean,5,TRUE
314,IndustrialStrains0103_FC-16-4C4D-16_Unsupervised_Sampled_FCLog10_MSE_02,12,1,0,W3110,1564,88.65477,Training_PercentDifference-Mean,6,TRUE
315,IndustrialStrains0103_FC-16-4C4D-16_Unsupervised_Sampled_FCLog10_MSE_02,0,1,3,BL21,208,3.188727,Validation_EuclideanDist-Mean,0,TRUE
316,IndustrialStrains0103_FC-16-4C4D-16_Unsupervised_Sampled_FCLog10_MSE_02,0,1,2,C,400,3.306548,Validation_EuclideanDist-Mean,1,TRUE
317,IndustrialStrains0103_FC-16-4C4D-16_Unsupervised_Sampled_FCLog10_MSE_02,0,1,3,Crooks,720,3.034588,Validation_EuclideanDist-Mean,2,TRUE
318,IndustrialStrains0103_FC-16-4C4D-16_Unsupervised_Sampled_FCLog10_MSE_02,0,1,1,DH5a,848,3.470703,Validation_EuclideanDist-Mean,3,TRUE
319,IndustrialStrains0103_FC-16-4C4D-16_Unsupervised_Sampled_FCLog10_MSE_02,9,1,0,MG1655,1049,2.228691,Validation_EuclideanDist-Mean,4,TRUE
320,IndustrialStrains0103_FC-16-4C4D-16_Unsupervised_Sampled_FCLog10_MSE_02,12,1,3,W,1500,2.734863,Validation_EuclideanDist-Mean,5,TRUE
321,IndustrialStrains0103_FC-16-4C4D-16_Unsupervised_Sampled_FCLog10_MSE_02,3,2,1,W3110,1635,3.21257,Validation_EuclideanDist-Mean,6,TRUE
322,IndustrialStrains0103_FC-16-4C4D-16_Unsupervised_Sampled_FCLog10_MSE_02,1,1,3,BL21,209,22.494076,Validation_ManhattanDist-Mean,0,TRUE
323,IndustrialStrains0103_FC-16-4C4D-16_Unsupervised_Sampled_FCLog10_MSE_02,0,1,2,C,400,23.192867,Validation_ManhattanDist-Mean,1,TRUE
324,IndustrialStrains0103_FC-16-4C4D-16_Unsupervised_Sampled_FCLog10_MSE_02,3,1,3,Crooks,723,21.371864,Validation_ManhattanDist-Mean,2,TRUE
325,IndustrialStrains0103_FC-16-4C4D-16_Unsupervised_Sampled_FCLog10_MSE_02,0,1,3,DH5a,976,24.281658,Validation_ManhattanDist-Mean,3,TRUE
326,IndustrialStrains0103_FC-16-4C4D-16_Unsupervised_Sampled_FCLog10_MSE_02,11,3,3,MG1655,1275,13.397575,Validation_ManhattanDist-Mean,4,TRUE
327,IndustrialStrains0103_FC-16-4C4D-16_Unsupervised_Sampled_FCLog10_MSE_02,12,1,3,W,1500,18.929924,Validation_ManhattanDist-Mean,5,TRUE
328,IndustrialStrains0103_FC-16-4C4D-16_Unsupervised_Sampled_FCLog10_MSE_02,9,3,0,W3110,1593,21.545406,Validation_ManhattanDist-Mean,6,TRUE
329,IndustrialStrains0103_FC-16-4C4D-16_Unsupervised_Sampled_FCLog10_MSE_02,11,3,3,BL21,251,87.94481,Validation_PercentDifference-Mean,0,TRUE
330,IndustrialStrains0103_FC-16-4C4D-16_Unsupervised_Sampled_FCLog10_MSE_02,12,1,2,C,412,89.59003,Validation_PercentDifference-Mean,1,TRUE
331,IndustrialStrains0103_FC-16-4C4D-16_Unsupervised_Sampled_FCLog10_MSE_02,10,1,2,Crooks,666,89.90545,Validation_PercentDifference-Mean,2,TRUE
332,IndustrialStrains0103_FC-16-4C4D-16_Unsupervised_Sampled_FCLog10_MSE_02,11,1,2,DH5a,923,90.34751,Validation_PercentDifference-Mean,3,TRUE
333,IndustrialStrains0103_FC-16-4C4D-16_Unsupervised_Sampled_FCLog10_MSE_02,11,1,0,MG1655,1051,80.71284,Validation_PercentDifference-Mean,4,TRUE
334,IndustrialStrains0103_FC-16-4C4D-16_Unsupervised_Sampled_FCLog10_MSE_02,10,1,2,W,1434,89.28918,Validation_PercentDifference-Mean,5,TRUE
335,IndustrialStrains0103_FC-16-4C4D-16_Unsupervised_Sampled_FCLog10_MSE_02,11,3,1,W3110,1659,90.64663,Validation_PercentDifference-Mean,6,TRUE
336,IndustrialStrains0103_FC-16-4C4D-16_Unsupervised_Sampled_OffProj_MSE_02,1,1,1,BL21,81,0.24442,Training_EuclideanDist-Mean,0,TRUE
337,IndustrialStrains0103_FC-16-4C4D-16_Unsupervised_Sampled_OffProj_MSE_02,8,1,0,C,280,0.31222,Training_EuclideanDist-Mean,1,TRUE
338,IndustrialStrains0103_FC-16-4C4D-16_Unsupervised_Sampled_OffProj_MSE_02,2,1,3,Crooks,722,0.225198,Training_EuclideanDist-Mean,2,TRUE
339,IndustrialStrains0103_FC-16-4C4D-16_Unsupervised_Sampled_OffProj_MSE_02,1,1,3,DH5a,977,0.276812,Training_EuclideanDist-Mean,3,TRUE
340,IndustrialStrains0103_FC-16-4C4D-16_Unsupervised_Sampled_OffProj_MSE_02,3,2,1,MG1655,1123,0.285249,Training_EuclideanDist-Mean,4,TRUE
341,IndustrialStrains0103_FC-16-4C4D-16_Unsupervised_Sampled_OffProj_MSE_02,1,1,1,W,1361,0.239977,Training_EuclideanDist-Mean,5,TRUE
342,IndustrialStrains0103_FC-16-4C4D-16_Unsupervised_Sampled_OffProj_MSE_02,7,0,0,W3110,1543,0.464144,Training_EuclideanDist-Mean,6,TRUE
343,IndustrialStrains0103_FC-16-4C4D-16_Unsupervised_Sampled_OffProj_MSE_02,11,3,3,BL21,251,0.866481,Training_ManhattanDist-Mean,0,TRUE
344,IndustrialStrains0103_FC-16-4C4D-16_Unsupervised_Sampled_OffProj_MSE_02,11,3,3,C,507,0.987535,Training_ManhattanDist-Mean,1,TRUE
345,IndustrialStrains0103_FC-16-4C4D-16_Unsupervised_Sampled_OffProj_MSE_02,12,3,3,Crooks,764,0.810552,Training_ManhattanDist-Mean,2,TRUE
346,IndustrialStrains0103_FC-16-4C4D-16_Unsupervised_Sampled_OffProj_MSE_02,11,3,3,DH5a,1019,0.883906,Training_ManhattanDist-Mean,3,TRUE
347,IndustrialStrains0103_FC-16-4C4D-16_Unsupervised_Sampled_OffProj_MSE_02,11,3,3,MG1655,1275,0.870906,Training_ManhattanDist-Mean,4,TRUE
348,IndustrialStrains0103_FC-16-4C4D-16_Unsupervised_Sampled_OffProj_MSE_02,11,3,3,W,1531,0.794464,Training_ManhattanDist-Mean,5,TRUE
349,IndustrialStrains0103_FC-16-4C4D-16_Unsupervised_Sampled_OffProj_MSE_02,13,3,3,W3110,1789,1.096079,Training_ManhattanDist-Mean,6,TRUE
350,IndustrialStrains0103_FC-16-4C4D-16_Unsupervised_Sampled_OffProj_MSE_02,0,1,0,BL21,16,8738.133,Training_PercentDifference-Mean,0,TRUE
351,IndustrialStrains0103_FC-16-4C4D-16_Unsupervised_Sampled_OffProj_MSE_02,0,1,2,C,400,4035.3816,Training_PercentDifference-Mean,1,TRUE
352,IndustrialStrains0103_FC-16-4C4D-16_Unsupervised_Sampled_OffProj_MSE_02,0,1,2,Crooks,656,6762.8,Training_PercentDifference-Mean,2,TRUE
353,IndustrialStrains0103_FC-16-4C4D-16_Unsupervised_Sampled_OffProj_MSE_02,0,1,2,DH5a,912,5231.423,Training_PercentDifference-Mean,3,TRUE
354,IndustrialStrains0103_FC-16-4C4D-16_Unsupervised_Sampled_OffProj_MSE_02,0,1,2,MG1655,1168,8870.282,Training_PercentDifference-Mean,4,TRUE
355,IndustrialStrains0103_FC-16-4C4D-16_Unsupervised_Sampled_OffProj_MSE_02,0,1,2,W,1424,15770.189,Training_PercentDifference-Mean,5,TRUE
356,IndustrialStrains0103_FC-16-4C4D-16_Unsupervised_Sampled_OffProj_MSE_02,0,1,2,W3110,1680,12149.206,Training_PercentDifference-Mean,6,TRUE
357,IndustrialStrains0103_FC-16-4C4D-16_Unsupervised_Sampled_OffProj_MSE_02,2,1,3,BL21,210,0.236559,Validation_EuclideanDist-Mean,0,TRUE
358,IndustrialStrains0103_FC-16-4C4D-16_Unsupervised_Sampled_OffProj_MSE_02,1,1,1,C,337,0.248577,Validation_EuclideanDist-Mean,1,TRUE
359,IndustrialStrains0103_FC-16-4C4D-16_Unsupervised_Sampled_OffProj_MSE_02,12,3,1,Crooks,636,0.206913,Validation_EuclideanDist-Mean,2,TRUE
360,IndustrialStrains0103_FC-16-4C4D-16_Unsupervised_Sampled_OffProj_MSE_02,2,1,3,DH5a,978,0.227965,Validation_EuclideanDist-Mean,3,TRUE
361,IndustrialStrains0103_FC-16-4C4D-16_Unsupervised_Sampled_OffProj_MSE_02,1,1,1,MG1655,1105,0.217401,Validation_EuclideanDist-Mean,4,TRUE
362,IndustrialStrains0103_FC-16-4C4D-16_Unsupervised_Sampled_OffProj_MSE_02,2,1,0,W,1298,0.195156,Validation_EuclideanDist-Mean,5,TRUE
363,IndustrialStrains0103_FC-16-4C4D-16_Unsupervised_Sampled_OffProj_MSE_02,1,1,1,W3110,1617,0.253951,Validation_EuclideanDist-Mean,6,TRUE
364,IndustrialStrains0103_FC-16-4C4D-16_Unsupervised_Sampled_OffProj_MSE_02,10,3,0,BL21,58,0.96932,Validation_ManhattanDist-Mean,0,TRUE
365,IndustrialStrains0103_FC-16-4C4D-16_Unsupervised_Sampled_OffProj_MSE_02,11,3,3,C,507,1.067374,Validation_ManhattanDist-Mean,1,TRUE
366,IndustrialStrains0103_FC-16-4C4D-16_Unsupervised_Sampled_OffProj_MSE_02,11,3,3,Crooks,763,0.851504,Validation_ManhattanDist-Mean,2,TRUE
367,IndustrialStrains0103_FC-16-4C4D-16_Unsupervised_Sampled_OffProj_MSE_02,11,3,3,DH5a,1019,0.963983,Validation_ManhattanDist-Mean,3,TRUE
368,IndustrialStrains0103_FC-16-4C4D-16_Unsupervised_Sampled_OffProj_MSE_02,12,3,3,MG1655,1276,0.886312,Validation_ManhattanDist-Mean,4,TRUE
369,IndustrialStrains0103_FC-16-4C4D-16_Unsupervised_Sampled_OffProj_MSE_02,12,3,3,W,1532,0.756574,Validation_ManhattanDist-Mean,5,TRUE
370,IndustrialStrains0103_FC-16-4C4D-16_Unsupervised_Sampled_OffProj_MSE_02,11,3,3,W3110,1787,0.913485,Validation_ManhattanDist-Mean,6,TRUE
371,IndustrialStrains0103_FC-16-4C4D-16_Unsupervised_Sampled_OffProj_MSE_02,1,1,2,BL21,145,1802.5879,Validation_PercentDifference-Mean,0,TRUE
372,IndustrialStrains0103_FC-16-4C4D-16_Unsupervised_Sampled_OffProj_MSE_02,3,2,3,C,483,3334.1382,Validation_PercentDifference-Mean,1,TRUE
373,IndustrialStrains0103_FC-16-4C4D-16_Unsupervised_Sampled_OffProj_MSE_02,14,3,3,Crooks,766,1301.9697,Validation_PercentDifference-Mean,2,TRUE
374,IndustrialStrains0103_FC-16-4C4D-16_Unsupervised_Sampled_OffProj_MSE_02,15,3,3,DH5a,1023,6528.785,Validation_PercentDifference-Mean,3,TRUE
375,IndustrialStrains0103_FC-16-4C4D-16_Unsupervised_Sampled_OffProj_MSE_02,15,3,3,MG1655,1279,1149.783,Validation_PercentDifference-Mean,4,TRUE
376,IndustrialStrains0103_FC-16-4C4D-16_Unsupervised_Sampled_OffProj_MSE_02,15,3,3,W,1535,3680.4883,Validation_PercentDifference-Mean,5,TRUE
377,IndustrialStrains0103_FC-16-4C4D-16_Unsupervised_Sampled_OffProj_MSE_02,1,1,2,W3110,1681,3233.6538,Validation_PercentDifference-Mean,6,TRUE
378,IndustrialStrains0103_FC-16-4C4D-16_Unsupervised_Sampled_FCLog100_MAPE_02,14,3,1,BL21,126,1.663686,Training_EuclideanDist-Mean,0,TRUE
379,IndustrialStrains0103_FC-16-4C4D-16_Unsupervised_Sampled_FCLog100_MAPE_02,0,1,1,C,336,1.811183,Training_EuclideanDist-Mean,1,TRUE
380,IndustrialStrains0103_FC-16-4C4D-16_Unsupervised_Sampled_FCLog100_MAPE_02,10,2,2,Crooks,682,1.545144,Training_EuclideanDist-Mean,2,TRUE
381,IndustrialStrains0103_FC-16-4C4D-16_Unsupervised_Sampled_FCLog100_MAPE_02,1,2,3,DH5a,993,1.724946,Training_EuclideanDist-Mean,3,TRUE
382,IndustrialStrains0103_FC-16-4C4D-16_Unsupervised_Sampled_FCLog100_MAPE_02,7,3,3,MG1655,1271,1.074971,Training_EuclideanDist-Mean,4,TRUE
383,IndustrialStrains0103_FC-16-4C4D-16_Unsupervised_Sampled_FCLog100_MAPE_02,8,3,1,W,1400,1.181878,Training_EuclideanDist-Mean,5,TRUE
384,IndustrialStrains0103_FC-16-4C4D-16_Unsupervised_Sampled_FCLog100_MAPE_02,11,3,2,W3110,1723,1.309379,Training_EuclideanDist-Mean,6,TRUE
385,IndustrialStrains0103_FC-16-4C4D-16_Unsupervised_Sampled_FCLog100_MAPE_02,11,0,3,BL21,203,12.000288,Training_ManhattanDist-Mean,0,TRUE
386,IndustrialStrains0103_FC-16-4C4D-16_Unsupervised_Sampled_FCLog100_MAPE_02,0,1,1,C,336,12.776709,Training_ManhattanDist-Mean,1,TRUE
387,IndustrialStrains0103_FC-16-4C4D-16_Unsupervised_Sampled_FCLog100_MAPE_02,3,0,1,Crooks,579,11.079052,Training_ManhattanDist-Mean,2,TRUE
388,IndustrialStrains0103_FC-16-4C4D-16_Unsupervised_Sampled_FCLog100_MAPE_02,4,2,2,DH5a,932,12.294382,Training_ManhattanDist-Mean,3,TRUE
389,IndustrialStrains0103_FC-16-4C4D-16_Unsupervised_Sampled_FCLog100_MAPE_02,7,3,3,MG1655,1271,7.441786,Training_ManhattanDist-Mean,4,TRUE
390,IndustrialStrains0103_FC-16-4C4D-16_Unsupervised_Sampled_FCLog100_MAPE_02,9,1,2,W,1433,8.656873,Training_ManhattanDist-Mean,5,TRUE
391,IndustrialStrains0103_FC-16-4C4D-16_Unsupervised_Sampled_FCLog100_MAPE_02,10,2,0,W3110,1578,9.312262,Training_ManhattanDist-Mean,6,TRUE
392,IndustrialStrains0103_FC-16-4C4D-16_Unsupervised_Sampled_FCLog100_MAPE_02,14,2,1,BL21,110,90.09038,Training_PercentDifference-Mean,0,TRUE
393,IndustrialStrains0103_FC-16-4C4D-16_Unsupervised_Sampled_FCLog100_MAPE_02,12,1,3,C,476,88.50702,Training_PercentDifference-Mean,1,TRUE
394,IndustrialStrains0103_FC-16-4C4D-16_Unsupervised_Sampled_FCLog100_MAPE_02,10,1,3,Crooks,730,87.95174,Training_PercentDifference-Mean,2,TRUE
395,IndustrialStrains0103_FC-16-4C4D-16_Unsupervised_Sampled_FCLog100_MAPE_02,13,1,2,DH5a,925,88.68372,Training_PercentDifference-Mean,3,TRUE
396,IndustrialStrains0103_FC-16-4C4D-16_Unsupervised_Sampled_FCLog100_MAPE_02,11,0,2,MG1655,1163,80.02769,Training_PercentDifference-Mean,4,TRUE
397,IndustrialStrains0103_FC-16-4C4D-16_Unsupervised_Sampled_FCLog100_MAPE_02,11,1,2,W,1435,89.686676,Training_PercentDifference-Mean,5,TRUE
398,IndustrialStrains0103_FC-16-4C4D-16_Unsupervised_Sampled_FCLog100_MAPE_02,7,2,3,W3110,1767,89.2846,Training_PercentDifference-Mean,6,TRUE
399,IndustrialStrains0103_FC-16-4C4D-16_Unsupervised_Sampled_FCLog100_MAPE_02,4,3,3,BL21,244,1.730082,Validation_EuclideanDist-Mean,0,TRUE
400,IndustrialStrains0103_FC-16-4C4D-16_Unsupervised_Sampled_FCLog100_MAPE_02,8,1,1,C,344,1.855997,Validation_EuclideanDist-Mean,1,TRUE
401,IndustrialStrains0103_FC-16-4C4D-16_Unsupervised_Sampled_FCLog100_MAPE_02,3,2,2,Crooks,675,1.603913,Validation_EuclideanDist-Mean,2,TRUE
402,IndustrialStrains0103_FC-16-4C4D-16_Unsupervised_Sampled_FCLog100_MAPE_02,0,1,0,DH5a,784,1.901273,Validation_EuclideanDist-Mean,3,TRUE
403,IndustrialStrains0103_FC-16-4C4D-16_Unsupervised_Sampled_FCLog100_MAPE_02,7,1,2,MG1655,1175,1.116591,Validation_EuclideanDist-Mean,4,TRUE
404,IndustrialStrains0103_FC-16-4C4D-16_Unsupervised_Sampled_FCLog100_MAPE_02,15,2,0,W,1327,1.442474,Validation_EuclideanDist-Mean,5,TRUE
405,IndustrialStrains0103_FC-16-4C4D-16_Unsupervised_Sampled_FCLog100_MAPE_02,7,1,1,W3110,1623,1.874004,Validation_EuclideanDist-Mean,6,TRUE
406,IndustrialStrains0103_FC-16-4C4D-16_Unsupervised_Sampled_FCLog100_MAPE_02,14,1,3,BL21,222,12.019684,Validation_ManhattanDist-Mean,0,TRUE
407,IndustrialStrains0103_FC-16-4C4D-16_Unsupervised_Sampled_FCLog100_MAPE_02,8,1,1,C,344,12.42377,Validation_ManhattanDist-Mean,1,TRUE
408,IndustrialStrains0103_FC-16-4C4D-16_Unsupervised_Sampled_FCLog100_MAPE_02,3,2,2,Crooks,675,10.994558,Validation_ManhattanDist-Mean,2,TRUE
409,IndustrialStrains0103_FC-16-4C4D-16_Unsupervised_Sampled_FCLog100_MAPE_02,0,1,0,DH5a,784,12.960382,Validation_ManhattanDist-Mean,3,TRUE
410,IndustrialStrains0103_FC-16-4C4D-16_Unsupervised_Sampled_FCLog100_MAPE_02,7,1,2,MG1655,1175,6.608407,Validation_ManhattanDist-Mean,4,TRUE
411,IndustrialStrains0103_FC-16-4C4D-16_Unsupervised_Sampled_FCLog100_MAPE_02,15,2,0,W,1327,9.726278,Validation_ManhattanDist-Mean,5,TRUE
412,IndustrialStrains0103_FC-16-4C4D-16_Unsupervised_Sampled_FCLog100_MAPE_02,7,1,1,W3110,1623,11.375586,Validation_ManhattanDist-Mean,6,TRUE
413,IndustrialStrains0103_FC-16-4C4D-16_Unsupervised_Sampled_FCLog100_MAPE_02,11,0,1,BL21,75,89.01389,Validation_PercentDifference-Mean,0,TRUE
414,IndustrialStrains0103_FC-16-4C4D-16_Unsupervised_Sampled_FCLog100_MAPE_02,5,2,2,C,421,90.5128,Validation_PercentDifference-Mean,1,TRUE
415,IndustrialStrains0103_FC-16-4C4D-16_Unsupervised_Sampled_FCLog100_MAPE_02,12,0,3,Crooks,716,91.50749,Validation_PercentDifference-Mean,2,TRUE
416,IndustrialStrains0103_FC-16-4C4D-16_Unsupervised_Sampled_FCLog100_MAPE_02,5,2,3,DH5a,997,89.01346,Validation_PercentDifference-Mean,3,TRUE
417,IndustrialStrains0103_FC-16-4C4D-16_Unsupervised_Sampled_FCLog100_MAPE_02,7,3,1,MG1655,1143,75.21146,Validation_PercentDifference-Mean,4,TRUE
418,IndustrialStrains0103_FC-16-4C4D-16_Unsupervised_Sampled_FCLog100_MAPE_02,6,2,3,W,1510,90.383606,Validation_PercentDifference-Mean,5,TRUE
419,IndustrialStrains0103_FC-16-4C4D-16_Unsupervised_Sampled_FCLog100_MAPE_02,10,1,1,W3110,1626,91.34165,Validation_PercentDifference-Mean,6,TRUE
420,IndustrialStrains0103_FC-16-4C4D-16_Unsupervised_Sampled_FCLog10_MAPE_02,1,3,1,BL21,113,3.201226,Training_EuclideanDist-Mean,0,TRUE
421,IndustrialStrains0103_FC-16-4C4D-16_Unsupervised_Sampled_FCLog10_MAPE_02,15,0,1,C,335,3.438133,Training_EuclideanDist-Mean,1,TRUE
422,IndustrialStrains0103_FC-16-4C4D-16_Unsupervised_Sampled_FCLog10_MAPE_02,1,3,1,Crooks,625,2.975908,Training_EuclideanDist-Mean,2,TRUE
423,IndustrialStrains0103_FC-16-4C4D-16_Unsupervised_Sampled_FCLog10_MAPE_02,15,0,2,DH5a,911,3.362884,Training_EuclideanDist-Mean,3,TRUE
424,IndustrialStrains0103_FC-16-4C4D-16_Unsupervised_Sampled_FCLog10_MAPE_02,4,3,1,MG1655,1140,2.119588,Training_EuclideanDist-Mean,4,TRUE
425,IndustrialStrains0103_FC-16-4C4D-16_Unsupervised_Sampled_FCLog10_MAPE_02,6,3,1,W,1398,2.330639,Training_EuclideanDist-Mean,5,TRUE
426,IndustrialStrains0103_FC-16-4C4D-16_Unsupervised_Sampled_FCLog10_MAPE_02,6,1,3,W3110,1750,2.595642,Training_EuclideanDist-Mean,6,TRUE
427,IndustrialStrains0103_FC-16-4C4D-16_Unsupervised_Sampled_FCLog10_MAPE_02,12,3,0,BL21,60,23.570118,Training_ManhattanDist-Mean,0,TRUE
428,IndustrialStrains0103_FC-16-4C4D-16_Unsupervised_Sampled_FCLog10_MAPE_02,2,1,2,C,402,25.099167,Training_ManhattanDist-Mean,1,TRUE
429,IndustrialStrains0103_FC-16-4C4D-16_Unsupervised_Sampled_FCLog10_MAPE_02,1,3,2,Crooks,689,21.702751,Training_ManhattanDist-Mean,2,TRUE
430,IndustrialStrains0103_FC-16-4C4D-16_Unsupervised_Sampled_FCLog10_MAPE_02,2,3,2,DH5a,946,24.399544,Training_ManhattanDist-Mean,3,TRUE
431,IndustrialStrains0103_FC-16-4C4D-16_Unsupervised_Sampled_FCLog10_MAPE_02,4,3,1,MG1655,1140,14.654575,Training_ManhattanDist-Mean,4,TRUE
432,IndustrialStrains0103_FC-16-4C4D-16_Unsupervised_Sampled_FCLog10_MAPE_02,6,3,1,W,1398,17.25579,Training_ManhattanDist-Mean,5,TRUE
433,IndustrialStrains0103_FC-16-4C4D-16_Unsupervised_Sampled_FCLog10_MAPE_02,12,2,2,W3110,1708,18.653214,Training_ManhattanDist-Mean,6,TRUE
434,IndustrialStrains0103_FC-16-4C4D-16_Unsupervised_Sampled_FCLog10_MAPE_02,11,1,3,BL21,219,86.87516,Training_PercentDifference-Mean,0,TRUE
435,IndustrialStrains0103_FC-16-4C4D-16_Unsupervised_Sampled_FCLog10_MAPE_02,12,2,3,C,492,86.92435,Training_PercentDifference-Mean,1,TRUE
436,IndustrialStrains0103_FC-16-4C4D-16_Unsupervised_Sampled_FCLog10_MAPE_02,2,2,1,Crooks,610,86.836075,Training_PercentDifference-Mean,2,TRUE
437,IndustrialStrains0103_FC-16-4C4D-16_Unsupervised_Sampled_FCLog10_MAPE_02,13,0,3,DH5a,973,86.81406,Training_PercentDifference-Mean,3,TRUE
438,IndustrialStrains0103_FC-16-4C4D-16_Unsupervised_Sampled_FCLog10_MAPE_02,10,2,0,MG1655,1066,72.9125,Training_PercentDifference-Mean,4,TRUE
439,IndustrialStrains0103_FC-16-4C4D-16_Unsupervised_Sampled_FCLog10_MAPE_02,8,2,1,W,1384,87.054756,Training_PercentDifference-Mean,5,TRUE
440,IndustrialStrains0103_FC-16-4C4D-16_Unsupervised_Sampled_FCLog10_MAPE_02,14,1,3,W3110,1758,86.72058,Training_PercentDifference-Mean,6,TRUE
441,IndustrialStrains0103_FC-16-4C4D-16_Unsupervised_Sampled_FCLog10_MAPE_02,9,1,0,BL21,25,3.33621,Validation_EuclideanDist-Mean,0,TRUE
442,IndustrialStrains0103_FC-16-4C4D-16_Unsupervised_Sampled_FCLog10_MAPE_02,13,3,0,C,317,3.439648,Validation_EuclideanDist-Mean,1,TRUE
443,IndustrialStrains0103_FC-16-4C4D-16_Unsupervised_Sampled_FCLog10_MAPE_02,4,2,3,Crooks,740,3.12464,Validation_EuclideanDist-Mean,2,TRUE
444,IndustrialStrains0103_FC-16-4C4D-16_Unsupervised_Sampled_FCLog10_MAPE_02,4,3,3,DH5a,1012,3.511127,Validation_EuclideanDist-Mean,3,TRUE
445,IndustrialStrains0103_FC-16-4C4D-16_Unsupervised_Sampled_FCLog10_MAPE_02,3,1,0,MG1655,1043,2.224948,Validation_EuclideanDist-Mean,4,TRUE
446,IndustrialStrains0103_FC-16-4C4D-16_Unsupervised_Sampled_FCLog10_MAPE_02,12,2,3,W,1516,2.775013,Validation_EuclideanDist-Mean,5,TRUE
447,IndustrialStrains0103_FC-16-4C4D-16_Unsupervised_Sampled_FCLog10_MAPE_02,14,0,2,W3110,1678,3.204492,Validation_EuclideanDist-Mean,6,TRUE
448,IndustrialStrains0103_FC-16-4C4D-16_Unsupervised_Sampled_FCLog10_MAPE_02,9,1,0,BL21,25,23.532932,Validation_ManhattanDist-Mean,0,TRUE
449,IndustrialStrains0103_FC-16-4C4D-16_Unsupervised_Sampled_FCLog10_MAPE_02,2,2,2,C,418,24.143623,Validation_ManhattanDist-Mean,1,TRUE
450,IndustrialStrains0103_FC-16-4C4D-16_Unsupervised_Sampled_FCLog10_MAPE_02,4,2,3,Crooks,740,21.75845,Validation_ManhattanDist-Mean,2,TRUE
451,IndustrialStrains0103_FC-16-4C4D-16_Unsupervised_Sampled_FCLog10_MAPE_02,4,3,3,DH5a,1012,24.742714,Validation_ManhattanDist-Mean,3,TRUE
452,IndustrialStrains0103_FC-16-4C4D-16_Unsupervised_Sampled_FCLog10_MAPE_02,3,1,0,MG1655,1043,13.225328,Validation_ManhattanDist-Mean,4,TRUE
453,IndustrialStrains0103_FC-16-4C4D-16_Unsupervised_Sampled_FCLog10_MAPE_02,10,2,2,W,1450,19.198002,Validation_ManhattanDist-Mean,5,TRUE
454,IndustrialStrains0103_FC-16-4C4D-16_Unsupervised_Sampled_FCLog10_MAPE_02,13,0,3,W3110,1741,21.470165,Validation_ManhattanDist-Mean,6,TRUE
455,IndustrialStrains0103_FC-16-4C4D-16_Unsupervised_Sampled_FCLog10_MAPE_02,3,1,1,BL21,83,86.70372,Validation_PercentDifference-Mean,0,TRUE
456,IndustrialStrains0103_FC-16-4C4D-16_Unsupervised_Sampled_FCLog10_MAPE_02,8,3,3,C,504,87.095505,Validation_PercentDifference-Mean,1,TRUE
457,IndustrialStrains0103_FC-16-4C4D-16_Unsupervised_Sampled_FCLog10_MAPE_02,8,3,3,Crooks,760,87.07387,Validation_PercentDifference-Mean,2,TRUE
458,IndustrialStrains0103_FC-16-4C4D-16_Unsupervised_Sampled_FCLog10_MAPE_02,11,2,3,DH5a,1003,86.892624,Validation_PercentDifference-Mean,3,TRUE
459,IndustrialStrains0103_FC-16-4C4D-16_Unsupervised_Sampled_FCLog10_MAPE_02,13,3,2,MG1655,1213,69.74315,Validation_PercentDifference-Mean,4,TRUE
460,IndustrialStrains0103_FC-16-4C4D-16_Unsupervised_Sampled_FCLog10_MAPE_02,12,3,2,W,1468,87.46448,Validation_PercentDifference-Mean,5,TRUE
461,IndustrialStrains0103_FC-16-4C4D-16_Unsupervised_Sampled_FCLog10_MAPE_02,11,1,3,W3110,1755,87.68835,Validation_PercentDifference-Mean,6,TRUE
462,IndustrialStrains0103_FC-16-4C4D-16_Unsupervised_Sampled_OffProj_MAPE_02,8,2,2,BL21,168,0.221088,Training_EuclideanDist-Mean,0,TRUE
463,IndustrialStrains0103_FC-16-4C4D-16_Unsupervised_Sampled_OffProj_MAPE_02,4,2,3,C,484,0.289162,Training_EuclideanDist-Mean,1,TRUE
464,IndustrialStrains0103_FC-16-4C4D-16_Unsupervised_Sampled_OffProj_MAPE_02,7,3,2,Crooks,695,0.204253,Training_EuclideanDist-Mean,2,TRUE
465,IndustrialStrains0103_FC-16-4C4D-16_Unsupervised_Sampled_OffProj_MAPE_02,6,0,2,DH5a,902,0.245887,Training_EuclideanDist-Mean,3,TRUE
466,IndustrialStrains0103_FC-16-4C4D-16_Unsupervised_Sampled_OffProj_MAPE_02,6,0,2,MG1655,1158,0.262319,Training_EuclideanDist-Mean,4,TRUE
467,IndustrialStrains0103_FC-16-4C4D-16_Unsupervised_Sampled_OffProj_MAPE_02,8,2,2,W,1448,0.219657,Training_EuclideanDist-Mean,5,TRUE
468,IndustrialStrains0103_FC-16-4C4D-16_Unsupervised_Sampled_OffProj_MAPE_02,9,0,3,W3110,1737,0.421253,Training_EuclideanDist-Mean,6,TRUE
469,IndustrialStrains0103_FC-16-4C4D-16_Unsupervised_Sampled_OffProj_MAPE_02,12,0,2,BL21,140,0.80162,Training_ManhattanDist-Mean,0,TRUE
470,IndustrialStrains0103_FC-16-4C4D-16_Unsupervised_Sampled_OffProj_MAPE_02,12,0,0,C,268,0.927814,Training_ManhattanDist-Mean,1,TRUE
471,IndustrialStrains0103_FC-16-4C4D-16_Unsupervised_Sampled_OffProj_MAPE_02,12,0,2,Crooks,652,0.743999,Training_ManhattanDist-Mean,2,TRUE
472,IndustrialStrains0103_FC-16-4C4D-16_Unsupervised_Sampled_OffProj_MAPE_02,13,0,1,DH5a,845,0.813632,Training_ManhattanDist-Mean,3,TRUE
473,IndustrialStrains0103_FC-16-4C4D-16_Unsupervised_Sampled_OffProj_MAPE_02,12,0,2,MG1655,1164,0.797674,Training_ManhattanDist-Mean,4,TRUE
474,IndustrialStrains0103_FC-16-4C4D-16_Unsupervised_Sampled_OffProj_MAPE_02,14,0,1,W,1358,0.712148,Training_ManhattanDist-Mean,5,TRUE
475,IndustrialStrains0103_FC-16-4C4D-16_Unsupervised_Sampled_OffProj_MAPE_02,11,3,2,W3110,1723,1.029762,Training_ManhattanDist-Mean,6,TRUE
476,IndustrialStrains0103_FC-16-4C4D-16_Unsupervised_Sampled_OffProj_MAPE_02,4,2,1,BL21,100,13781.344,Training_PercentDifference-Mean,0,TRUE
477,IndustrialStrains0103_FC-16-4C4D-16_Unsupervised_Sampled_OffProj_MAPE_02,4,2,1,C,356,2556.1191,Training_PercentDifference-Mean,1,TRUE
478,IndustrialStrains0103_FC-16-4C4D-16_Unsupervised_Sampled_OffProj_MAPE_02,4,2,1,Crooks,612,3955.6724,Training_PercentDifference-Mean,2,TRUE
479,IndustrialStrains0103_FC-16-4C4D-16_Unsupervised_Sampled_OffProj_MAPE_02,4,2,1,DH5a,868,2650.1812,Training_PercentDifference-Mean,3,TRUE
480,IndustrialStrains0103_FC-16-4C4D-16_Unsupervised_Sampled_OffProj_MAPE_02,4,2,1,MG1655,1124,6084.226,Training_PercentDifference-Mean,4,TRUE
481,IndustrialStrains0103_FC-16-4C4D-16_Unsupervised_Sampled_OffProj_MAPE_02,4,2,1,W,1380,11183.273,Training_PercentDifference-Mean,5,TRUE
482,IndustrialStrains0103_FC-16-4C4D-16_Unsupervised_Sampled_OffProj_MAPE_02,4,2,1,W3110,1636,9039.165,Training_PercentDifference-Mean,6,TRUE
483,IndustrialStrains0103_FC-16-4C4D-16_Unsupervised_Sampled_OffProj_MAPE_02,13,3,3,BL21,253,0.224589,Validation_EuclideanDist-Mean,0,TRUE
484,IndustrialStrains0103_FC-16-4C4D-16_Unsupervised_Sampled_OffProj_MAPE_02,13,3,3,C,509,0.242977,Validation_EuclideanDist-Mean,1,TRUE
485,IndustrialStrains0103_FC-16-4C4D-16_Unsupervised_Sampled_OffProj_MAPE_02,11,3,1,Crooks,635,0.193086,Validation_EuclideanDist-Mean,2,TRUE
486,IndustrialStrains0103_FC-16-4C4D-16_Unsupervised_Sampled_OffProj_MAPE_02,7,1,2,DH5a,919,0.21215,Validation_EuclideanDist-Mean,3,TRUE
487,IndustrialStrains0103_FC-16-4C4D-16_Unsupervised_Sampled_OffProj_MAPE_02,10,0,0,MG1655,1034,0.202869,Validation_EuclideanDist-Mean,4,TRUE
488,IndustrialStrains0103_FC-16-4C4D-16_Unsupervised_Sampled_OffProj_MAPE_02,10,0,2,W,1418,0.174894,Validation_EuclideanDist-Mean,5,TRUE
489,IndustrialStrains0103_FC-16-4C4D-16_Unsupervised_Sampled_OffProj_MAPE_02,13,3,3,W3110,1789,0.225091,Validation_EuclideanDist-Mean,6,TRUE
490,IndustrialStrains0103_FC-16-4C4D-16_Unsupervised_Sampled_OffProj_MAPE_02,12,0,2,BL21,140,0.918374,Validation_ManhattanDist-Mean,0,TRUE
491,IndustrialStrains0103_FC-16-4C4D-16_Unsupervised_Sampled_OffProj_MAPE_02,12,0,2,C,396,1.018536,Validation_ManhattanDist-Mean,1,TRUE
492,IndustrialStrains0103_FC-16-4C4D-16_Unsupervised_Sampled_OffProj_MAPE_02,12,0,2,Crooks,652,0.790822,Validation_ManhattanDist-Mean,2,TRUE
493,IndustrialStrains0103_FC-16-4C4D-16_Unsupervised_Sampled_OffProj_MAPE_02,12,0,2,DH5a,908,0.907997,Validation_ManhattanDist-Mean,3,TRUE
494,IndustrialStrains0103_FC-16-4C4D-16_Unsupervised_Sampled_OffProj_MAPE_02,5,1,2,MG1655,1173,0.828682,Validation_ManhattanDist-Mean,4,TRUE
495,IndustrialStrains0103_FC-16-4C4D-16_Unsupervised_Sampled_OffProj_MAPE_02,14,0,1,W,1358,0.695484,Validation_ManhattanDist-Mean,5,TRUE
496,IndustrialStrains0103_FC-16-4C4D-16_Unsupervised_Sampled_OffProj_MAPE_02,12,0,2,W3110,1676,0.847697,Validation_ManhattanDist-Mean,6,TRUE
497,IndustrialStrains0103_FC-16-4C4D-16_Unsupervised_Sampled_OffProj_MAPE_02,4,2,1,BL21,100,778.68945,Validation_PercentDifference-Mean,0,TRUE
498,IndustrialStrains0103_FC-16-4C4D-16_Unsupervised_Sampled_OffProj_MAPE_02,11,3,2,C,443,847.1121,Validation_PercentDifference-Mean,1,TRUE
499,IndustrialStrains0103_FC-16-4C4D-16_Unsupervised_Sampled_OffProj_MAPE_02,4,2,1,Crooks,612,890.0416,Validation_PercentDifference-Mean,2,TRUE
500,IndustrialStrains0103_FC-16-4C4D-16_Unsupervised_Sampled_OffProj_MAPE_02,4,2,1,DH5a,868,2897.5312,Validation_PercentDifference-Mean,3,TRUE
501,IndustrialStrains0103_FC-16-4C4D-16_Unsupervised_Sampled_OffProj_MAPE_02,6,1,2,MG1655,1174,975.065,Validation_PercentDifference-Mean,4,TRUE
502,IndustrialStrains0103_FC-16-4C4D-16_Unsupervised_Sampled_OffProj_MAPE_02,4,2,1,W,1380,1584.0752,Validation_PercentDifference-Mean,5,TRUE
503,IndustrialStrains0103_FC-16-4C4D-16_Unsupervised_Sampled_OffProj_MAPE_02,4,2,1,W3110,1636,1138.2908,Validation_PercentDifference-Mean,6,TRUE
